version 1
nodes
0 "root" -1
end
skeleton
time 0
0 0 0 0 0 0 0
end
triangles
main
0  0.026495 -0.031382 -0.037749  0.471080 -0.861586 0.189085  0.468750 0.027344 0
0  0.010627 -0.027836 -0.045023  0.000000 -0.898910 -0.438133  0.425781 0.007812 0
0  0.029177 -0.027836 -0.045023  0.000000 -0.898910 -0.438133  0.476562 0.007812 0
main
0  0.026495 -0.022114 -0.028369  0.471088 -0.199397 0.859254  0.468750 0.066406 0
0  0.029177 -0.027836 -0.045023  0.943479 -0.235757 0.232949  0.492188 0.019531 0
0  0.029177 -0.014798 -0.031828  0.943487 -0.235734 0.232943  0.492188 0.074219 0
main
0  0.026495 -0.022114 -0.028369  0.471088 -0.199397 0.859254  0.468750 0.066406 0
0  0.010627 -0.014798 -0.031828  0.000000 0.427345 0.904088  0.425781 0.089844 0
0  0.013309 -0.022114 -0.028369  -0.471088 -0.199397 0.859254  0.433594 0.066406 0
main
0  0.026495 -0.031382 -0.037749  0.471080 -0.861586 0.189085  0.468750 0.027344 0
0  0.013309 -0.022114 -0.028369  -0.471088 -0.199397 0.859254  0.433594 0.066406 0
0  0.013309 -0.031382 -0.037749  -0.471080 -0.861586 0.189084  0.433594 0.027344 0
main
0  0.013309 -0.022114 -0.028369  -0.471088 -0.199397 0.859254  0.433594 0.066406 0
0  0.010627 -0.027836 -0.045023  -0.943479 -0.235757 0.232949  0.410156 0.019531 0
0  0.013309 -0.031382 -0.037749  -0.471080 -0.861586 0.189084  0.433594 0.027344 0
main
0  0.026495 -0.031382 -0.037749  0.471080 -0.861586 0.189085  0.468750 0.027344 0
0  0.013309 -0.031382 -0.037749  -0.471080 -0.861586 0.189084  0.433594 0.027344 0
0  0.010627 -0.027836 -0.045023  0.000000 -0.898910 -0.438133  0.425781 0.007812 0
main
0  0.026495 -0.022114 -0.028369  0.471088 -0.199397 0.859254  0.468750 0.066406 0
0  0.026495 -0.031382 -0.037749  0.471080 -0.861586 0.189085  0.468750 0.027344 0
0  0.029177 -0.027836 -0.045023  0.943479 -0.235757 0.232949  0.492188 0.019531 0
main
0  0.026495 -0.022114 -0.028369  0.471088 -0.199397 0.859254  0.468750 0.066406 0
0  0.029177 -0.014798 -0.031828  0.000000 0.427345 0.904088  0.476562 0.089844 0
0  0.010627 -0.014798 -0.031828  0.000000 0.427345 0.904088  0.425781 0.089844 0
main
0  0.026495 -0.031382 -0.037749  0.471080 -0.861586 0.189085  0.468750 0.027344 0
0  0.026495 -0.022114 -0.028369  0.471088 -0.199397 0.859254  0.468750 0.066406 0
0  0.013309 -0.022114 -0.028369  -0.471088 -0.199397 0.859254  0.433594 0.066406 0
main
0  0.013309 -0.022114 -0.028369  -0.471088 -0.199397 0.859254  0.433594 0.066406 0
0  0.010627 -0.014798 -0.031828  -0.943487 -0.235734 0.232943  0.410156 0.074219 0
0  0.010627 -0.027836 -0.045023  -0.943479 -0.235757 0.232949  0.410156 0.019531 0
main
0  0.062777 -0.011320 0.031034  -0.799293 -0.550105 -0.241898  0.809609 0.140805 0
0  0.062777 -0.013664 0.044798  -0.813335 -0.577312 -0.072095  0.805703 0.191586 0
0  0.062777 0.000018 0.044798  -1.000000 0.000000 0.000000  0.751015 0.179868 0
main
0  0.089724 0.004644 0.030813  0.996247 -0.000488 -0.086554  0.965859 0.113461 0
0  0.089724 0.003136 0.044798  1.000000 0.000000 0.000000  0.981484 0.175961 0
0  0.089724 0.000018 0.044798  1.000000 0.000000 0.000000  0.965859 0.179868 0
main
0  0.089724 -0.011320 0.031034  0.799281 -0.550102 -0.241945  0.907265 0.140805 0
0  0.089724 0.000018 0.044798  1.000000 0.000000 0.000000  0.965859 0.179868 0
0  0.089724 -0.013664 0.044798  0.813323 -0.577328 -0.072097  0.911172 0.191586 0
main
0  0.062777 0.000018 0.109075  -1.000000 0.000000 0.000000  0.751015 0.457211 0
0  0.062777 -0.013664 0.109075  -0.813336 -0.577311 0.072091  0.805703 0.445493 0
0  0.062777 -0.011320 0.122840  -0.799294 -0.550104 0.241897  0.809609 0.496274 0
main
0  0.089724 0.000018 0.109075  1.000000 -0.000000 0.000000  0.965859 0.457211 0
0  0.089724 -0.011320 0.122840  0.799282 -0.550101 0.241944  0.907265 0.496274 0
0  0.089724 -0.013664 0.109075  0.813324 -0.577327 0.072093  0.911172 0.445493 0
main
0  0.062777 0.004644 0.123060  -0.996255 -0.000486 0.086466  0.751015 0.523618 0
0  0.062777 0.003136 0.109075  -1.000000 0.000000 0.000000  0.735390 0.461118 0
0  0.062777 0.000018 0.109075  -1.000000 0.000000 0.000000  0.751015 0.457211 0
main
0  0.089724 0.004644 0.030813  0.996247 -0.000488 -0.086554  0.965859 0.113461 0
0  0.089724 0.000018 0.044798  1.000000 0.000000 0.000000  0.965859 0.179868 0
0  0.089724 -0.011320 0.031034  0.799281 -0.550102 -0.241945  0.907265 0.140805 0
main
0  0.063701 -0.002129 0.025040  -0.986592 -0.006262 -0.163083  0.786172 0.101743 0
0  0.062777 0.004644 0.030813  -0.996255 -0.000488 -0.086467  0.751015 0.113461 0
0  0.063701 0.005706 0.025040  -0.987432 0.000000 -0.158042  0.754922 0.090024 0
main
0  0.082036 -0.001626 0.022383  0.184589 -0.070888 -0.980256  0.879922 0.086118 0
0  0.088799 0.005706 0.025040  0.365666 0.000000 -0.930746  0.911172 0.054868 0
0  0.088799 -0.002129 0.025040  0.358899 -0.084586 -0.929536  0.907265 0.090024 0
main
0  0.062777 -0.001369 0.047187  -1.000000 0.000000 0.000000  0.754922 0.191586 0
0  0.062777 0.000018 0.044798  -1.000000 0.000000 0.000000  0.751015 0.179868 0
0  0.062777 -0.013664 0.044798  -0.813335 -0.577312 -0.072095  0.805703 0.191586 0
main
0  0.089724 0.004644 0.030813  0.996247 -0.000488 -0.086554  0.965859 0.113461 0
0  0.088799 -0.002129 0.025040  0.986565 -0.006269 -0.163247  0.926797 0.101743 0
0  0.088799 0.005706 0.025040  0.987407 0.000000 -0.158201  0.958047 0.086118 0
main
0  0.070464 -0.001626 0.022383  -0.184589 -0.070887 -0.980256  0.833047 0.086118 0
0  0.063701 0.005706 0.025040  -0.365666 0.000000 -0.930746  0.801797 0.058774 0
0  0.070464 0.006209 0.022383  -0.181896 0.000000 -0.983318  0.833047 0.054868 0
main
0  0.089724 -0.013664 0.109075  0.813324 -0.577327 0.072093  0.911172 0.445493 0
0  0.089724 -0.001369 0.106686  1.000000 -0.000000 0.000000  0.961953 0.445493 0
0  0.089724 0.000018 0.109075  1.000000 -0.000000 0.000000  0.965859 0.457211 0
main
0  0.063701 -0.002129 0.128833  -0.986592 -0.006252 0.163089  0.790078 0.535336 0
0  0.063701 0.005706 0.128833  -0.987432 0.000000 0.158042  0.754922 0.550961 0
0  0.062777 0.004644 0.123060  -0.996255 -0.000486 0.086466  0.751015 0.523618 0
main
0  0.088799 0.005706 0.128833  0.365786 0.000000 0.930699  0.911172 0.578305 0
0  0.082036 -0.001627 0.131491  0.184626 -0.070923 0.980247  0.879922 0.550961 0
0  0.088799 -0.002129 0.128833  0.359040 -0.084495 0.929490  0.907265 0.547055 0
main
0  0.062777 -0.011320 0.122840  -0.799294 -0.550104 0.241897  0.809609 0.496274 0
0  0.062777 0.004644 0.123060  -0.996255 -0.000486 0.086466  0.751015 0.523618 0
0  0.062777 0.000018 0.109075  -1.000000 0.000000 0.000000  0.751015 0.457211 0
main
0  0.070464 -0.001626 0.022383  -0.184589 -0.070887 -0.980256  0.833047 0.086118 0
0  0.082036 0.006209 0.022383  0.181896 0.000000 -0.983318  0.879922 0.050961 0
0  0.082036 -0.001626 0.022383  0.184589 -0.070888 -0.980256  0.879922 0.086118 0
main
0  0.089724 0.004644 0.123060  0.996247 -0.000486 0.086554  0.965859 0.523618 0
0  0.088799 0.005706 0.128833  0.987407 0.000000 0.158201  0.958047 0.550961 0
0  0.088799 -0.002129 0.128833  0.986565 -0.006258 0.163253  0.926797 0.535336 0
main
0  0.070464 -0.001627 0.131491  -0.184626 -0.070923 0.980247  0.836953 0.554868 0
0  0.063701 0.005706 0.128833  -0.365786 0.000000 0.930699  0.801797 0.578305 0
0  0.063701 -0.002129 0.128833  -0.359040 -0.084496 0.929490  0.805703 0.547055 0
main
0  0.082036 0.006209 0.131491  0.181957 0.000000 0.983306  0.883828 0.586118 0
0  0.070464 -0.001627 0.131491  -0.184626 -0.070923 0.980247  0.836953 0.554868 0
0  0.082036 -0.001627 0.131491  0.184626 -0.070923 0.980247  0.879922 0.550961 0
main
0  0.089724 -0.015328 0.076937  0.817364 -0.576122 0.000000  0.915078 0.320493 0
0  0.082036 -0.017797 0.061024  0.177362 -0.982855 -0.050386  0.879922 0.257993 0
0  0.089724 -0.014920 0.061024  0.817240 -0.575528 -0.029780  0.911172 0.254086 0
main
0  0.089724 -0.001369 0.047187  1.000000 -0.000000 0.000000  0.961953 0.191586 0
0  0.089724 -0.014920 0.061024  0.817240 -0.575528 -0.029780  0.911172 0.254086 0
0  0.089724 -0.013664 0.044798  0.813323 -0.577328 -0.072097  0.911172 0.191586 0
main
0  0.089724 -0.002123 0.076937  1.000000 -0.000000 0.000000  0.969765 0.320493 0
0  0.089724 -0.014920 0.061024  0.817240 -0.575528 -0.029780  0.911172 0.254086 0
0  0.089724 -0.001369 0.047187  1.000000 -0.000000 0.000000  0.961953 0.191586 0
main
0  0.082036 -0.016543 0.044798  0.176008 -0.977007 -0.120331  0.879922 0.195493 0
0  0.089724 -0.011320 0.031034  0.799281 -0.550102 -0.241945  0.907265 0.140805 0
0  0.089724 -0.013664 0.044798  0.813323 -0.577328 -0.072097  0.911172 0.191586 0
main
0  0.089724 -0.014920 0.061024  0.817240 -0.575528 -0.029780  0.911172 0.254086 0
0  0.082036 -0.016543 0.044798  0.176008 -0.977007 -0.120331  0.879922 0.195493 0
0  0.089724 -0.013664 0.044798  0.813323 -0.577328 -0.072097  0.911172 0.191586 0
main
0  0.089724 0.000018 0.044798  1.000000 0.000000 0.000000  0.965859 0.179868 0
0  0.089724 -0.001369 0.047187  1.000000 -0.000000 0.000000  0.961953 0.191586 0
0  0.089724 -0.013664 0.044798  0.813323 -0.577328 -0.072097  0.911172 0.191586 0
main
0  0.070464 -0.001626 0.022383  -0.184589 -0.070887 -0.980256  0.833047 0.086118 0
0  0.063701 -0.008396 0.026118  -0.714679 -0.349220 -0.606036  0.809609 0.117368 0
0  0.063701 -0.002129 0.025040  -0.358899 -0.084585 -0.929536  0.805703 0.093930 0
main
0  0.088799 -0.002129 0.025040  0.986565 -0.006269 -0.163247  0.926797 0.101743 0
0  0.089724 -0.011320 0.031034  0.799281 -0.550102 -0.241945  0.907265 0.140805 0
0  0.088799 -0.008396 0.026118  0.714609 -0.349231 -0.606112  0.903359 0.117368 0
main
0  0.070464 -0.001627 0.131491  -0.184626 -0.070923 0.980247  0.836953 0.554868 0
0  0.082036 -0.010417 0.130225  0.206288 -0.535426 0.819002  0.876015 0.519711 0
0  0.082036 -0.001627 0.131491  0.184626 -0.070923 0.980247  0.879922 0.550961 0
main
0  0.070464 -0.013853 0.029062  -0.189790 -0.912782 -0.361674  0.836953 0.136899 0
0  0.082036 -0.016543 0.044798  0.176008 -0.977007 -0.120331  0.879922 0.195493 0
0  0.070464 -0.016543 0.044798  -0.176028 -0.977003 -0.120330  0.836953 0.195493 0
main
0  0.070464 -0.017797 0.061024  -0.177381 -0.982852 -0.050386  0.836953 0.257993 0
0  0.082036 -0.018204 0.076937  0.177528 -0.984116 0.000001  0.879922 0.320493 0
0  0.070464 -0.018204 0.076937  -0.177548 -0.984112 0.000001  0.836953 0.320493 0
main
0  0.070464 -0.016543 0.044798  -0.176028 -0.977003 -0.120330  0.836953 0.195493 0
0  0.082036 -0.017797 0.061024  0.177362 -0.982855 -0.050386  0.879922 0.257993 0
0  0.070464 -0.017797 0.061024  -0.177381 -0.982852 -0.050386  0.836953 0.257993 0
main
0  0.088799 -0.008396 0.026118  0.714609 -0.349231 -0.606112  0.903359 0.117368 0
0  0.082036 -0.013853 0.029062  0.189777 -0.912783 -0.361679  0.876015 0.136899 0
0  0.082036 -0.010417 0.023648  0.206329 -0.535398 -0.819010  0.876015 0.117368 0
main
0  0.070464 -0.013853 0.029062  -0.189790 -0.912782 -0.361674  0.836953 0.136899 0
0  0.082036 -0.010417 0.023648  0.206329 -0.535398 -0.819010  0.876015 0.117368 0
0  0.082036 -0.013853 0.029062  0.189777 -0.912783 -0.361679  0.876015 0.136899 0
main
0  0.062777 -0.015328 0.076937  -0.817375 -0.576105 0.000000  0.801797 0.320493 0
0  0.070464 -0.017797 0.061024  -0.177381 -0.982852 -0.050386  0.836953 0.257993 0
0  0.070464 -0.018204 0.076937  -0.177548 -0.984112 0.000001  0.836953 0.320493 0
main
0  0.062777 -0.001369 0.047187  -1.000000 0.000000 0.000000  0.754922 0.191586 0
0  0.062777 -0.013664 0.044798  -0.813335 -0.577312 -0.072095  0.805703 0.191586 0
0  0.062777 -0.014920 0.061024  -0.817252 -0.575511 -0.029779  0.801797 0.254086 0
main
0  0.062777 -0.002123 0.076937  -1.000000 0.000000 0.000000  0.747109 0.320493 0
0  0.062777 -0.014920 0.061024  -0.817252 -0.575511 -0.029779  0.801797 0.254086 0
0  0.062777 -0.015328 0.076937  -0.817375 -0.576105 0.000000  0.801797 0.320493 0
main
0  0.062777 -0.011320 0.031034  -0.799293 -0.550105 -0.241898  0.809609 0.140805 0
0  0.070464 -0.016543 0.044798  -0.176028 -0.977003 -0.120330  0.836953 0.195493 0
0  0.062777 -0.013664 0.044798  -0.813335 -0.577312 -0.072095  0.805703 0.191586 0
main
0  0.062777 -0.014920 0.061024  -0.817252 -0.575511 -0.029779  0.801797 0.254086 0
0  0.070464 -0.016543 0.044798  -0.176028 -0.977003 -0.120330  0.836953 0.195493 0
0  0.070464 -0.017797 0.061024  -0.177381 -0.982852 -0.050386  0.836953 0.257993 0
main
0  0.062777 0.000018 0.044798  -1.000000 0.000000 0.000000  0.751015 0.179868 0
0  0.062777 0.004644 0.030813  -0.996255 -0.000488 -0.086467  0.751015 0.113461 0
0  0.062777 -0.011320 0.031034  -0.799293 -0.550105 -0.241898  0.809609 0.140805 0
main
0  0.063701 -0.008396 0.127756  -0.714673 -0.349198 0.606056  0.809609 0.519711 0
0  0.070464 -0.001627 0.131491  -0.184626 -0.070923 0.980247  0.836953 0.554868 0
0  0.063701 -0.002129 0.128833  -0.359040 -0.084496 0.929490  0.805703 0.547055 0
main
0  0.062777 -0.011320 0.031034  -0.799293 -0.550105 -0.241898  0.809609 0.140805 0
0  0.063701 -0.002129 0.025040  -0.986592 -0.006262 -0.163083  0.786172 0.101743 0
0  0.063701 -0.008396 0.026118  -0.714679 -0.349220 -0.606036  0.809609 0.117368 0
main
0  0.070464 -0.013853 0.029062  -0.189790 -0.912782 -0.361674  0.836953 0.136899 0
0  0.063701 -0.008396 0.026118  -0.714679 -0.349220 -0.606036  0.809609 0.117368 0
0  0.070464 -0.010417 0.023648  -0.206329 -0.535398 -0.819010  0.836953 0.117368 0
main
0  0.063701 -0.002129 0.128833  -0.986592 -0.006252 0.163089  0.790078 0.535336 0
0  0.062777 -0.011320 0.122840  -0.799294 -0.550104 0.241897  0.809609 0.496274 0
0  0.063701 -0.008396 0.127756  -0.714673 -0.349198 0.606056  0.809609 0.519711 0
main
0  0.063701 -0.008396 0.127756  -0.714673 -0.349198 0.606056  0.809609 0.519711 0
0  0.070464 -0.013853 0.124812  -0.189781 -0.912774 0.361701  0.836953 0.500180 0
0  0.070464 -0.010417 0.130225  -0.206288 -0.535426 0.819002  0.836953 0.519711 0
main
0  0.089724 -0.013664 0.109075  0.813324 -0.577327 0.072093  0.911172 0.445493 0
0  0.089724 -0.014920 0.092849  0.817240 -0.575527 0.029780  0.911172 0.382993 0
0  0.089724 -0.001369 0.106686  1.000000 -0.000000 0.000000  0.961953 0.445493 0
main
0  0.062777 0.000018 0.109075  -1.000000 0.000000 0.000000  0.751015 0.457211 0
0  0.062777 -0.001369 0.106686  -1.000000 0.000000 0.000000  0.754922 0.445493 0
0  0.062777 -0.013664 0.109075  -0.813336 -0.577311 0.072091  0.805703 0.445493 0
main
0  0.089724 -0.002123 0.076937  1.000000 -0.000000 0.000000  0.969765 0.320493 0
0  0.089724 -0.014920 0.092849  0.817240 -0.575527 0.029780  0.911172 0.382993 0
0  0.089724 -0.015328 0.076937  0.817364 -0.576122 0.000000  0.915078 0.320493 0
main
0  0.062777 -0.015328 0.076937  -0.817375 -0.576105 0.000000  0.801797 0.320493 0
0  0.070464 -0.017797 0.092849  -0.177381 -0.982851 0.050386  0.836953 0.382993 0
0  0.062777 -0.014920 0.092849  -0.817252 -0.575511 0.029780  0.801797 0.382993 0
main
0  0.082036 -0.010417 0.130225  0.206288 -0.535426 0.819002  0.876015 0.519711 0
0  0.070464 -0.013853 0.124812  -0.189781 -0.912774 0.361701  0.836953 0.500180 0
0  0.082036 -0.013853 0.124812  0.189768 -0.912774 0.361706  0.876015 0.500180 0
main
0  0.062777 -0.014920 0.092849  -0.817252 -0.575511 0.029780  0.801797 0.382993 0
0  0.070464 -0.016543 0.109075  -0.176028 -0.977004 0.120325  0.836953 0.441586 0
0  0.062777 -0.013664 0.109075  -0.813336 -0.577311 0.072091  0.805703 0.445493 0
main
0  0.082036 -0.013853 0.124812  0.189768 -0.912774 0.361706  0.876015 0.500180 0
0  0.088799 -0.008396 0.127756  0.714603 -0.349207 0.606132  0.907265 0.519711 0
0  0.082036 -0.010417 0.130225  0.206288 -0.535426 0.819002  0.876015 0.519711 0
main
0  0.082036 -0.001626 0.022383  0.184589 -0.070888 -0.980256  0.879922 0.086118 0
0  0.070464 -0.010417 0.023648  -0.206329 -0.535398 -0.819010  0.836953 0.117368 0
0  0.070464 -0.001626 0.022383  -0.184589 -0.070887 -0.980256  0.833047 0.086118 0
main
0  0.070464 -0.016543 0.109075  -0.176028 -0.977004 0.120325  0.836953 0.441586 0
0  0.062777 -0.011320 0.122840  -0.799294 -0.550104 0.241897  0.809609 0.496274 0
0  0.062777 -0.013664 0.109075  -0.813336 -0.577311 0.072091  0.805703 0.445493 0
main
0  0.062777 -0.001369 0.106686  -1.000000 0.000000 0.000000  0.754922 0.445493 0
0  0.062777 -0.014920 0.092849  -0.817252 -0.575511 0.029780  0.801797 0.382993 0
0  0.062777 -0.013664 0.109075  -0.813336 -0.577311 0.072091  0.805703 0.445493 0
main
0  0.062777 -0.002123 0.076937  -1.000000 0.000000 0.000000  0.747109 0.320493 0
0  0.062777 -0.014920 0.092849  -0.817252 -0.575511 0.029780  0.801797 0.382993 0
0  0.062777 -0.001369 0.106686  -1.000000 0.000000 0.000000  0.754922 0.445493 0
main
0  0.082036 -0.017797 0.092849  0.177362 -0.982855 0.050386  0.879922 0.382993 0
0  0.070464 -0.016543 0.109075  -0.176028 -0.977004 0.120325  0.836953 0.441586 0
0  0.070464 -0.017797 0.092849  -0.177381 -0.982851 0.050386  0.836953 0.382993 0
main
0  0.089724 0.000018 0.109075  1.000000 -0.000000 0.000000  0.965859 0.457211 0
0  0.089724 0.004644 0.123060  0.996247 -0.000486 0.086554  0.965859 0.523618 0
0  0.089724 -0.011320 0.122840  0.799282 -0.550101 0.241944  0.907265 0.496274 0
main
0  0.082036 -0.001627 0.131491  0.184626 -0.070923 0.980247  0.879922 0.550961 0
0  0.088799 -0.008396 0.127756  0.714603 -0.349207 0.606132  0.907265 0.519711 0
0  0.088799 -0.002129 0.128833  0.359040 -0.084495 0.929490  0.907265 0.547055 0
main
0  0.089724 -0.011320 0.122840  0.799282 -0.550101 0.241944  0.907265 0.496274 0
0  0.088799 -0.002129 0.128833  0.986565 -0.006258 0.163253  0.926797 0.535336 0
0  0.088799 -0.008396 0.127756  0.714603 -0.349207 0.606132  0.907265 0.519711 0
main
0  0.082036 -0.016543 0.109075  0.176008 -0.977007 0.120325  0.879922 0.441586 0
0  0.070464 -0.013853 0.124812  -0.189781 -0.912774 0.361701  0.836953 0.500180 0
0  0.070464 -0.016543 0.109075  -0.176028 -0.977004 0.120325  0.836953 0.441586 0
main
0  0.089724 -0.014920 0.092849  0.817240 -0.575527 0.029780  0.911172 0.382993 0
0  0.082036 -0.016543 0.109075  0.176008 -0.977007 0.120325  0.879922 0.441586 0
0  0.082036 -0.017797 0.092849  0.177362 -0.982855 0.050386  0.879922 0.382993 0
main
0  0.082036 -0.018204 0.076937  0.177528 -0.984116 0.000001  0.879922 0.320493 0
0  0.070464 -0.017797 0.092849  -0.177381 -0.982851 0.050386  0.836953 0.382993 0
0  0.070464 -0.018204 0.076937  -0.177548 -0.984112 0.000001  0.836953 0.320493 0
main
0  0.089724 -0.011320 0.122840  0.799282 -0.550101 0.241944  0.907265 0.496274 0
0  0.082036 -0.016543 0.109075  0.176008 -0.977007 0.120325  0.879922 0.441586 0
0  0.089724 -0.013664 0.109075  0.813324 -0.577327 0.072093  0.911172 0.445493 0
main
0  0.089724 -0.015328 0.076937  0.817364 -0.576122 0.000000  0.915078 0.320493 0
0  0.082036 -0.017797 0.092849  0.177362 -0.982855 0.050386  0.879922 0.382993 0
0  0.082036 -0.018204 0.076937  0.177528 -0.984116 0.000001  0.879922 0.320493 0
main
0  0.100176 0.061125 -0.076486  1.000000 -0.000000 0.000000  0.483613 0.619810 0
0  0.100176 -0.032342 -0.049830  1.000000 -0.000000 0.000000  0.634794 0.577815 0
0  0.100176 -0.032342 -0.076486  1.000000 0.000000 0.000000  0.634794 0.619810 0
main
0  0.100176 0.061069 0.108602  1.000000 -0.000000 0.000000  0.487813 0.325847 0
0  0.100176 0.022492 0.016239  1.000000 0.000000 0.000000  0.546606 0.472829 0
0  0.100176 0.061125 -0.076486  1.000000 -0.000000 0.000000  0.483613 0.619810 0
main
0  -0.099863 0.022492 0.005576  0.000000 -0.924869 0.380285  0.093750 0.785156 0
0  0.100176 0.022492 0.016239  -0.000000 -0.707105 -0.707108  0.457031 0.804688 0
0  -0.099863 0.022492 0.016239  0.000000 -0.707107 -0.707107  0.093750 0.804688 0
main
0  -0.099863 -0.032342 -0.049830  0.000000 -0.924869 0.380285  0.093750 0.644531 0
0  0.100176 -0.032342 -0.076486  0.000000 -1.000000 -0.000000  0.457031 0.597656 0
0  0.100176 -0.032342 -0.049830  0.000000 -0.924869 0.380285  0.457031 0.644531 0
main
0  -0.099863 0.022492 0.005576  0.000000 -0.924869 0.380285  0.093750 0.785156 0
0  0.100176 -0.032342 -0.049830  0.000000 -0.924869 0.380285  0.457031 0.644531 0
0  0.100176 0.022492 0.005576  0.000000 -0.924869 0.380285  0.457031 0.785156 0
main
0  -0.099863 0.061125 -0.076486  -1.000000 0.000000 0.000000  0.984956 0.980456 0
0  -0.099863 0.022492 0.005576  -1.000000 0.000002 0.000000  0.926164 0.850273 0
0  -0.099863 0.022492 0.016239  -1.000000 0.000000 0.000000  0.926164 0.833475 0
main
0  -0.090822 0.014178 0.016239  0.000000 0.000000 -1.000000  0.109375 0.820312 0
0  -0.099863 0.014234 0.016239  0.000000 0.000000 -1.000000  0.093750 0.820312 0
0  -0.099863 0.022492 0.016239  0.000000 -0.707107 -0.707107  0.093750 0.804688 0
main
0  -0.099863 0.022492 0.016239  0.000000 -0.707107 -0.707107  0.093750 0.804688 0
0  0.042896 0.014178 0.016239  -0.000000 0.000000 -1.000000  0.351562 0.820312 0
0  -0.090822 0.014178 0.016239  0.000000 0.000000 -1.000000  0.109375 0.820312 0
main
0  -0.090822 0.014178 0.016239  -0.004908 -0.857068 -0.515180  0.490435 0.678817 0
0  -0.099863 -0.024821 0.081205  -0.000208 -0.963679 -0.267062  0.469438 0.850995 0
0  -0.099863 0.014234 0.016239  -0.005309 -0.857041 -0.515220  0.469438 0.678817 0
main
0  -0.099863 -0.024821 0.081205  -0.000208 -0.963679 -0.267062  0.469438 0.850995 0
0  -0.090822 -0.024821 0.128264  0.000000 -1.000000 -0.000000  0.490435 0.960181 0
0  -0.099863 -0.024821 0.137618  0.000000 -1.000000 -0.000000  0.469438 0.981179 0
main
0  -0.090822 0.014178 0.016239  1.000000 -0.000000 0.000000  0.784398 0.691415 0
0  -0.090822 0.014178 0.128264  1.000000 -0.000000 0.000000  0.784398 0.947583 0
0  -0.090822 -0.024821 0.081205  1.000000 -0.000000 0.000000  0.696209 0.842596 0
main
0  -0.090822 -0.024821 0.128264  1.000000 0.000000 0.000000  0.696209 0.947583 0
0  -0.090822 -0.024821 0.081205  1.000000 -0.000000 0.000000  0.696209 0.842596 0
0  -0.090822 0.014178 0.128264  1.000000 -0.000000 0.000000  0.784398 0.947583 0
main
0  -0.090822 0.014178 0.128264  0.000000 0.000000 -1.000000  0.687810 0.641021 0
0  0.042896 -0.024821 0.128264  0.000000 0.000000 -1.000000  0.599621 0.947583 0
0  -0.090822 -0.024821 0.128264  0.000000 0.000000 -1.000000  0.599621 0.641021 0
main
0  0.042896 -0.024821 0.128264  -1.000000 0.000000 0.000000  0.587023 0.947583 0
0  0.042896 0.014178 0.128264  -1.000000 -0.000000 0.000000  0.498834 0.947583 0
0  0.042896 -0.024821 0.081205  -1.000000 -0.000000 0.000000  0.587023 0.842596 0
main
0  0.100176 0.001654 0.016239  1.000000 0.000000 0.000000  0.580201 0.472829 0
0  0.100176 0.015713 0.137618  1.000000 -0.000000 0.000000  0.559204 0.279653 0
0  0.100176 0.001654 0.137618  1.000000 0.000000 0.000000  0.580201 0.279653 0
main
0  0.100176 0.022492 0.016239  1.000000 0.000000 0.000000  0.546606 0.472829 0
0  0.100176 0.061069 0.108602  1.000000 -0.000000 0.000000  0.487813 0.325847 0
0  0.100176 0.015713 0.137618  1.000000 -0.000000 0.000000  0.559204 0.279653 0
main
0  0.052250 -0.024821 0.081205  -0.000000 -0.963719 -0.266919  0.817994 0.850995 0
0  0.042896 -0.024821 0.081205  -0.000082 -0.963715 -0.266933  0.796997 0.850995 0
0  0.052250 0.001654 0.037077  -0.000535 -0.857237 -0.514922  0.817994 0.733410 0
main
0  0.052250 -0.024821 0.081205  -0.000000 -0.963719 -0.266919  0.817994 0.850995 0
0  0.042896 -0.024821 0.128264  -0.000000 -1.000000 -0.000000  0.796997 0.960181 0
0  0.042896 -0.024821 0.081205  -0.000082 -0.963715 -0.266933  0.796997 0.850995 0
main
0  -0.099863 -0.024821 0.137618  0.000000 -1.000000 -0.000000  0.469438 0.981179 0
0  0.042896 -0.024821 0.128264  -0.000000 -1.000000 -0.000000  0.796997 0.960181 0
0  0.052250 -0.024821 0.137618  -0.000000 -1.000000 -0.000000  0.817994 0.981179 0
main
0  0.100176 0.001654 0.137618  -0.000000 -1.000000 -0.000000  0.449219 0.566406 0
0  0.052250 0.001654 0.037077  -0.000000 -1.000000 -0.000000  0.359375 0.382812 0
0  0.100176 0.001654 0.016239  -0.000000 -1.000000 -0.000000  0.449219 0.343750 0
main
0  0.052250 -0.024821 0.081205  1.000000 -0.000000 0.000000  0.304688 0.460938 0
0  0.052250 0.001654 0.037077  1.000000 -0.000000 0.000000  0.351562 0.378906 0
0  0.052250 0.001654 0.137618  1.000000 -0.000000 0.000000  0.351562 0.566406 0
main
0  0.052250 0.001654 0.137618  0.000000 0.000000 1.000000  0.363281 0.875000 0
0  0.100176 0.001654 0.137618  0.000000 0.000000 1.000000  0.449219 0.875000 0
0  0.100176 0.015713 0.137618  0.000000 0.280739 0.959784  0.449219 0.898438 0
main
0  -0.099863 0.014234 0.016239  -1.000000 0.000000 0.000000  0.909366 0.833475 0
0  -0.099863 -0.024821 0.081205  -1.000000 0.000000 0.000000  0.850573 0.728488 0
0  -0.099863 0.015713 0.137618  -1.000000 0.000000 0.000000  0.913565 0.640299 0
main
0  0.100176 0.061069 0.108602  0.000000 0.538898 0.842371  0.449219 0.992188 0
0  -0.099863 0.015713 0.137618  0.000000 0.280739 0.959784  0.093750 0.898438 0
0  0.100176 0.015713 0.137618  0.000000 0.280739 0.959784  0.449219 0.898438 0
main
0  0.100176 0.015713 0.137618  0.000000 0.280739 0.959784  0.449219 0.898438 0
0  -0.099863 0.015713 0.137618  0.000000 0.280739 0.959784  0.093750 0.898438 0
0  0.052250 0.001654 0.137618  0.000000 0.000000 1.000000  0.363281 0.875000 0
main
0  -0.099863 -0.024821 0.137618  0.000000 0.000000 1.000000  0.093750 0.828125 0
0  0.052250 0.001654 0.137618  0.000000 0.000000 1.000000  0.363281 0.875000 0
0  -0.099863 0.015713 0.137618  0.000000 0.280739 0.959784  0.093750 0.898438 0
main
0  -0.099863 0.022492 0.016239  -1.000000 0.000000 0.000000  0.926164 0.833475 0
0  -0.099863 0.014234 0.016239  -1.000000 0.000000 0.000000  0.909366 0.833475 0
0  -0.099863 0.015713 0.137618  -1.000000 0.000000 0.000000  0.913565 0.640299 0
main
0  -0.099863 0.015713 0.137618  -1.000000 0.000000 0.000000  0.913565 0.640299 0
0  -0.099863 0.061069 0.108602  -1.000000 0.000000 0.000000  0.984956 0.686493 0
0  -0.099863 0.022492 0.016239  -1.000000 0.000000 0.000000  0.926164 0.833475 0
main
0  -0.099863 -0.024821 0.081205  -1.000000 0.000000 0.000000  0.850573 0.728488 0
0  -0.099863 -0.024821 0.137618  -1.000000 0.000000 0.000000  0.850573 0.640299 0
0  -0.099863 0.015713 0.137618  -1.000000 0.000000 0.000000  0.913565 0.640299 0
main
0  -0.016149 -0.005305 -0.011359  -0.471088 -0.861589 0.189053  0.390625 0.207031 0
0  -0.002964 0.003963 -0.001980  0.470996 -0.199335 0.859318  0.425781 0.242188 0
0  -0.016149 0.003963 -0.001980  -0.471088 -0.199304 0.859275  0.390625 0.242188 0
main
0  -0.093034 -0.014798 -0.031828  -0.943448 -0.235813 0.233020  0.011719 0.109375 0
0  -0.090351 -0.009076 -0.015175  -0.471048 -0.199391 0.859277  0.035156 0.152344 0
0  -0.093034 -0.001759 -0.018633  -0.943448 -0.235811 0.233020  0.011719 0.160156 0
main
0  -0.066011 -0.009076 -0.015175  -0.471094 -0.199376 0.859255  0.136719 0.152344 0
0  -0.050143 -0.001759 -0.018633  0.000000 0.427345 0.904089  0.183594 0.175781 0
0  -0.068693 -0.001759 -0.018633  0.000000 0.427345 0.904089  0.132812 0.175781 0
main
0  0.029177 -0.014798 -0.031828  0.000000 -0.898861 -0.438234  0.523438 0.066406 0
0  0.026740 -0.018344 -0.024554  0.000000 -0.898861 -0.438234  0.550781 0.085938 0
0  0.024058 -0.014798 -0.031828  0.000000 -0.898861 -0.438234  0.515625 0.085938 0
main
0  0.031859 -0.018344 -0.024554  -0.224309 -0.693191 0.684961  0.589844 0.113281 0
0  0.045045 -0.031382 -0.037749  0.471082 -0.861583 0.189094  0.625000 0.062500 0
0  0.045045 -0.009076 -0.015175  0.471094 -0.199380 0.859254  0.625000 0.152344 0
main
0  0.029177 -0.014798 -0.031828  -0.943483 -0.235748 0.232943  0.566406 0.105469 0
0  0.031859 -0.031382 -0.037749  -0.471084 -0.861582 0.189092  0.589844 0.062500 0
0  0.031859 -0.018344 -0.024554  -0.224309 -0.693191 0.684961  0.589844 0.113281 0
main
0  -0.052825 -0.018344 -0.024554  0.471088 -0.861589 0.189054  0.175781 0.117188 0
0  -0.050143 -0.001759 -0.018633  0.943487 -0.235734 0.232943  0.199219 0.160156 0
0  -0.052825 -0.009076 -0.015175  0.471094 -0.199376 0.859255  0.175781 0.152344 0
main
0  -0.018831 0.011279 -0.005439  0.000000 0.427495 0.904018  0.382812 0.265625 0
0  -0.002964 0.003963 -0.001980  0.470996 -0.199335 0.859318  0.425781 0.242188 0
0  -0.000280 0.011279 -0.005439  0.000000 0.427495 0.904018  0.433594 0.265625 0
main
0  -0.034699 0.003963 -0.001980  -0.471042 -0.199320 0.859297  0.300781 0.242188 0
0  -0.037382 -0.001759 -0.018633  -0.943448 -0.235812 0.233020  0.277344 0.199219 0
0  -0.034699 -0.005305 -0.011359  -0.471042 -0.861610 0.189069  0.300781 0.207031 0
main
0  0.045045 0.003963 -0.001980  0.471088 -0.199304 0.859275  0.632812 0.242188 0
0  0.047727 -0.001759 -0.018633  0.943487 -0.235734 0.232943  0.656250 0.199219 0
0  0.047727 0.011279 -0.005439  0.943486 -0.235735 0.232943  0.656250 0.250000 0
main
0  -0.077166 -0.005305 -0.011359  0.471042 -0.861610 0.189069  0.070312 0.207031 0
0  -0.093034 -0.001759 -0.018633  0.000000 -0.898861 -0.438233  0.027344 0.183594 0
0  -0.074483 -0.001759 -0.018633  0.000000 -0.898861 -0.438234  0.078125 0.183594 0
main
0  -0.053249 0.003963 -0.001980  -0.471088 -0.199304 0.859275  0.210938 0.242188 0
0  -0.055931 -0.001759 -0.018633  -0.943487 -0.235733 0.232942  0.187500 0.199219 0
0  -0.053249 -0.005305 -0.011359  -0.471088 -0.861588 0.189053  0.210938 0.207031 0
main
0  -0.013042 -0.014798 -0.031828  0.000000 -0.898861 -0.438234  0.394531 0.093750 0
0  0.002826 -0.018344 -0.024554  0.471088 -0.861589 0.189053  0.437500 0.117188 0
0  -0.010360 -0.018344 -0.024554  -0.471088 -0.861589 0.189053  0.402344 0.117188 0
main
0  -0.015726 -0.018344 -0.024554  0.471042 -0.861610 0.189069  0.351562 0.117188 0
0  -0.031594 -0.014798 -0.031828  0.000000 -0.898861 -0.438234  0.304688 0.093750 0
0  -0.013043 -0.014798 -0.031828  0.000000 -0.898861 -0.438234  0.355469 0.093750 0
main
0  -0.002964 -0.005305 -0.011359  0.470996 -0.861632 0.189084  0.425781 0.207031 0
0  -0.018831 -0.001759 -0.018633  0.000000 -0.898861 -0.438234  0.382812 0.183594 0
0  -0.000280 -0.001759 -0.018633  0.000000 -0.898861 -0.438234  0.433594 0.183594 0
main
0  -0.034699 0.003963 -0.001980  -0.471042 -0.199320 0.859297  0.300781 0.242188 0
0  -0.018831 0.011279 -0.005439  0.000000 0.427495 0.904018  0.343750 0.265625 0
0  -0.037382 0.011279 -0.005439  0.000000 0.427495 0.904018  0.292969 0.265625 0
main
0  0.020953 0.003963 -0.001980  -0.471088 -0.199304 0.859275  0.566406 0.242188 0
0  0.018271 -0.001759 -0.018633  -0.943487 -0.235735 0.232943  0.542969 0.199219 0
0  0.020953 -0.005305 -0.011359  -0.471088 -0.861589 0.189053  0.566406 0.203125 0
main
0  -0.010360 -0.009076 -0.015175  -0.471094 -0.199376 0.859255  0.402344 0.152344 0
0  -0.013042 -0.014798 -0.031828  -0.943487 -0.235734 0.232943  0.378906 0.109375 0
0  -0.010360 -0.018344 -0.024554  -0.471088 -0.861589 0.189053  0.402344 0.117188 0
main
0  -0.066011 -0.018344 -0.024554  -0.471088 -0.861589 0.189053  0.136719 0.117188 0
0  -0.050143 -0.014798 -0.031828  0.000000 -0.898861 -0.438234  0.183594 0.093750 0
0  -0.052825 -0.018344 -0.024554  0.471088 -0.861589 0.189054  0.175781 0.117188 0
main
0  -0.052825 -0.018344 -0.024554  0.471088 -0.861589 0.189054  0.175781 0.117188 0
0  -0.066011 -0.009076 -0.015175  -0.471094 -0.199376 0.859255  0.136719 0.152344 0
0  -0.066011 -0.018344 -0.024554  -0.471088 -0.861589 0.189053  0.136719 0.117188 0
main
0  -0.093034 -0.001759 -0.018633  0.000000 0.427345 0.904089  0.027344 0.175781 0
0  -0.071376 -0.009076 -0.015175  0.471048 -0.199393 0.859277  0.085938 0.152344 0
0  -0.068693 -0.001759 -0.018633  0.000000 0.427345 0.904089  0.093750 0.175781 0
main
0  -0.077166 0.003963 -0.001980  0.471042 -0.199320 0.859297  0.070312 0.242188 0
0  -0.093034 0.011279 -0.005439  0.000000 0.427495 0.904018  0.027344 0.265625 0
0  -0.090351 0.003963 -0.001980  -0.471042 -0.199319 0.859297  0.035156 0.242188 0
main
0  -0.018831 -0.001759 -0.018633  0.000000 -0.898861 -0.438234  0.343750 0.183594 0
0  -0.034699 -0.005305 -0.011359  -0.471042 -0.861610 0.189069  0.300781 0.207031 0
0  -0.037382 -0.001759 -0.018633  0.000000 -0.898861 -0.438234  0.292969 0.183594 0
main
0  -0.034275 -0.009076 -0.015175  0.471094 -0.199376 0.859255  0.261719 0.152344 0
0  -0.050143 -0.001759 -0.018633  0.000000 0.427345 0.904088  0.218750 0.175781 0
0  -0.047461 -0.009076 -0.015175  -0.471094 -0.199376 0.859255  0.226562 0.152344 0
main
0  -0.077166 -0.005305 -0.011359  0.471042 -0.861610 0.189069  0.070312 0.207031 0
0  -0.074483 0.011279 -0.005439  0.943448 -0.235813 0.233020  0.093750 0.250000 0
0  -0.077166 0.003963 -0.001980  0.471042 -0.199320 0.859297  0.070312 0.242188 0
main
0  -0.071376 -0.009076 -0.015175  0.471048 -0.199393 0.859277  0.085938 0.152344 0
0  -0.068693 -0.014798 -0.031828  0.943448 -0.235813 0.233020  0.109375 0.109375 0
0  -0.068693 -0.001759 -0.018633  0.943447 -0.235815 0.233020  0.109375 0.160156 0
main
0  0.002826 -0.018344 -0.024554  0.471088 -0.861589 0.189053  0.437500 0.117188 0
0  -0.010360 -0.009076 -0.015175  -0.471094 -0.199376 0.859255  0.402344 0.152344 0
0  -0.010360 -0.018344 -0.024554  -0.471088 -0.861589 0.189053  0.402344 0.117188 0
main
0  -0.016149 0.003963 -0.001980  -0.471088 -0.199304 0.859275  0.390625 0.242188 0
0  -0.018831 -0.001759 -0.018633  -0.943487 -0.235734 0.232943  0.367188 0.199219 0
0  -0.016149 -0.005305 -0.011359  -0.471088 -0.861589 0.189053  0.390625 0.207031 0
main
0  -0.037381 0.011279 -0.005439  0.000000 0.427495 0.904018  0.257812 0.265625 0
0  -0.053249 0.003963 -0.001980  -0.471088 -0.199304 0.859275  0.210938 0.242188 0
0  -0.040063 0.003963 -0.001980  0.471088 -0.199304 0.859275  0.250000 0.242188 0
main
0  -0.040063 0.003963 -0.001980  0.471088 -0.199304 0.859275  0.250000 0.242188 0
0  -0.037381 -0.001759 -0.018633  0.943487 -0.235734 0.232943  0.269531 0.199219 0
0  -0.037381 0.011279 -0.005439  0.943487 -0.235734 0.232943  0.269531 0.250000 0
main
0  0.045045 -0.009076 -0.015175  0.471094 -0.199380 0.859254  0.625000 0.152344 0
0  0.047727 -0.027836 -0.045023  0.943478 -0.235756 0.232955  0.648438 0.054688 0
0  0.047727 -0.001759 -0.018633  0.943487 -0.235734 0.232943  0.648438 0.160156 0
main
0  0.026740 -0.009076 -0.015175  -0.471094 -0.199376 0.859255  0.574219 0.152344 0
0  0.024058 -0.014798 -0.031828  -0.943487 -0.235734 0.232943  0.550781 0.105469 0
0  0.026740 -0.018344 -0.024554  -0.630273 -0.552239 0.545700  0.574219 0.113281 0
main
0  0.047727 -0.027836 -0.045023  0.000000 -0.898910 -0.438133  0.632812 0.039062 0
0  0.031859 -0.031382 -0.037749  -0.471084 -0.861582 0.189092  0.589844 0.062500 0
0  0.029177 -0.027836 -0.045023  0.000000 -0.898910 -0.438133  0.582031 0.039062 0
main
0  0.045045 -0.009076 -0.015175  0.471094 -0.199380 0.859254  0.625000 0.152344 0
0  0.024058 -0.001759 -0.018633  0.000000 0.427345 0.904089  0.566406 0.171875 0
0  0.026740 -0.009076 -0.015175  -0.471094 -0.199376 0.859255  0.574219 0.152344 0
main
0  0.031859 -0.018344 -0.024554  -0.224309 -0.693191 0.684961  0.589844 0.113281 0
0  0.026740 -0.009076 -0.015175  -0.471094 -0.199376 0.859255  0.574219 0.152344 0
0  0.026740 -0.018344 -0.024554  -0.630273 -0.552239 0.545700  0.574219 0.113281 0
main
0  -0.064125 -0.022114 -0.028369  0.471088 -0.199397 0.859254  0.105469 0.066406 0
0  -0.090351 -0.031382 -0.037749  -0.471034 -0.861608 0.189100  0.035156 0.027344 0
0  -0.064125 -0.031382 -0.037749  0.471080 -0.861586 0.189085  0.105469 0.027344 0
main
0  -0.061443 -0.027836 -0.045023  0.000000 -0.898910 -0.438133  0.113281 0.003906 0
0  -0.090351 -0.031382 -0.037749  -0.471034 -0.861608 0.189100  0.035156 0.027344 0
0  -0.093034 -0.027836 -0.045023  0.000000 -0.898910 -0.438133  0.027344 0.003906 0
main
0  -0.064125 -0.022114 -0.028369  0.471088 -0.199397 0.859254  0.105469 0.066406 0
0  -0.061443 -0.027836 -0.045023  0.943479 -0.235757 0.232949  0.128906 0.019531 0
0  -0.061443 -0.014798 -0.031828  0.943487 -0.235735 0.232943  0.128906 0.070312 0
main
0  -0.093034 -0.027836 -0.045023  -0.943441 -0.235835 0.233026  0.011719 0.019531 0
0  -0.090351 -0.022114 -0.028369  -0.471043 -0.199412 0.859275  0.035156 0.066406 0
0  -0.093034 -0.014798 -0.031828  -0.943448 -0.235812 0.233020  0.011719 0.070312 0
main
0  -0.061443 -0.014798 -0.031828  0.000000 0.427345 0.904089  0.113281 0.085938 0
0  -0.090351 -0.022114 -0.028369  -0.471043 -0.199412 0.859275  0.035156 0.066406 0
0  -0.064125 -0.022114 -0.028369  0.471088 -0.199397 0.859254  0.105469 0.066406 0
main
0  -0.028911 -0.018344 -0.024554  -0.471042 -0.861611 0.189069  0.312500 0.117188 0
0  -0.015726 -0.009076 -0.015175  0.471048 -0.199392 0.859277  0.351562 0.152344 0
0  -0.028911 -0.009076 -0.015175  -0.471048 -0.199392 0.859277  0.312500 0.152344 0
main
0  -0.034275 -0.018344 -0.024554  0.471088 -0.861589 0.189054  0.261719 0.117188 0
0  -0.047461 -0.009076 -0.015175  -0.471094 -0.199376 0.859255  0.226562 0.152344 0
0  -0.047461 -0.018344 -0.024554  -0.471088 -0.861589 0.189053  0.226562 0.117188 0
main
0  -0.071376 -0.018344 -0.024554  0.471042 -0.861610 0.189069  0.085938 0.117188 0
0  -0.093034 -0.014798 -0.031828  0.000000 -0.898861 -0.438234  0.027344 0.093750 0
0  -0.068693 -0.014798 -0.031828  0.000000 -0.898861 -0.438234  0.093750 0.093750 0
main
0  0.002826 -0.018344 -0.024554  0.471088 -0.861589 0.189053  0.437500 0.117188 0
0  0.005508 -0.001759 -0.018633  0.943487 -0.235734 0.232943  0.460938 0.160156 0
0  0.002826 -0.009076 -0.015175  0.471094 -0.199376 0.859255  0.437500 0.152344 0
main
0  -0.047461 -0.009076 -0.015175  -0.471094 -0.199376 0.859255  0.226562 0.152344 0
0  -0.050143 -0.014798 -0.031828  -0.943487 -0.235735 0.232943  0.203125 0.109375 0
0  -0.047461 -0.018344 -0.024554  -0.471088 -0.861589 0.189053  0.226562 0.117188 0
main
0  -0.068693 -0.014798 -0.031828  -0.943487 -0.235735 0.232943  0.117188 0.109375 0
0  -0.066011 -0.009076 -0.015175  -0.471094 -0.199376 0.859255  0.136719 0.152344 0
0  -0.068693 -0.001759 -0.018633  -0.943487 -0.235733 0.232943  0.117188 0.160156 0
main
0  -0.021513 -0.005305 -0.011359  0.471088 -0.861589 0.189053  0.335938 0.207031 0
0  -0.034699 0.003963 -0.001980  -0.471042 -0.199320 0.859297  0.300781 0.242188 0
0  -0.034699 -0.005305 -0.011359  -0.471042 -0.861610 0.189069  0.300781 0.207031 0
main
0  -0.021513 0.003963 -0.001980  0.471088 -0.199304 0.859275  0.335938 0.242188 0
0  -0.018831 -0.001759 -0.018633  0.943487 -0.235735 0.232943  0.359375 0.199219 0
0  -0.018831 0.011279 -0.005439  0.943487 -0.235734 0.232943  0.359375 0.250000 0
main
0  0.002826 -0.009076 -0.015175  0.471094 -0.199376 0.859255  0.437500 0.152344 0
0  -0.013042 -0.001759 -0.018633  0.000000 0.427345 0.904088  0.394531 0.175781 0
0  -0.010360 -0.009076 -0.015175  -0.471094 -0.199376 0.859255  0.402344 0.152344 0
main
0  -0.077166 0.003963 -0.001980  0.471042 -0.199320 0.859297  0.070312 0.242188 0
0  -0.090351 -0.005305 -0.011359  -0.471043 -0.861610 0.189069  0.035156 0.207031 0
0  -0.077166 -0.005305 -0.011359  0.471042 -0.861610 0.189069  0.070312 0.207031 0
main
0  -0.015726 -0.018344 -0.024554  0.471042 -0.861610 0.189069  0.351562 0.117188 0
0  -0.013043 -0.001759 -0.018633  0.943448 -0.235813 0.233020  0.371094 0.160156 0
0  -0.015726 -0.009076 -0.015175  0.471048 -0.199392 0.859277  0.351562 0.152344 0
main
0  -0.040063 -0.005305 -0.011359  0.471088 -0.861589 0.189054  0.250000 0.207031 0
0  -0.055931 -0.001759 -0.018633  0.000000 -0.898861 -0.438233  0.203125 0.183594 0
0  -0.037381 -0.001759 -0.018633  0.000000 -0.898861 -0.438233  0.257812 0.183594 0
main
0  -0.002964 0.003963 -0.001980  0.470996 -0.199335 0.859318  0.425781 0.242188 0
0  -0.000280 -0.001759 -0.018633  0.943409 -0.235891 0.233097  0.449219 0.199219 0
0  -0.000280 0.011279 -0.005439  0.943409 -0.235891 0.233097  0.449219 0.250000 0
main
0  -0.050143 -0.014798 -0.031828  0.000000 -0.898861 -0.438234  0.218750 0.093750 0
0  -0.034275 -0.018344 -0.024554  0.471088 -0.861589 0.189054  0.261719 0.117188 0
0  -0.047461 -0.018344 -0.024554  -0.471088 -0.861589 0.189053  0.226562 0.117188 0
main
0  0.020953 -0.005305 -0.011359  -0.471088 -0.861589 0.189053  0.566406 0.203125 0
0  0.047727 -0.001759 -0.018633  0.000000 -0.898861 -0.438234  0.640625 0.183594 0
0  0.045045 -0.005305 -0.011359  0.471088 -0.861589 0.189054  0.632812 0.203125 0
main
0  -0.034275 -0.009076 -0.015175  0.471094 -0.199376 0.859255  0.261719 0.152344 0
0  -0.031593 -0.014798 -0.031828  0.943487 -0.235734 0.232943  0.285156 0.109375 0
0  -0.031593 -0.001759 -0.018633  0.943486 -0.235735 0.232943  0.285156 0.160156 0
main
0  0.020953 0.003963 -0.001980  -0.471088 -0.199304 0.859275  0.566406 0.242188 0
0  0.047727 0.011279 -0.005439  0.000000 0.427495 0.904018  0.640625 0.265625 0
0  0.018271 0.011279 -0.005439  0.000000 0.427495 0.904018  0.558594 0.265625 0
main
0  -0.031594 -0.014798 -0.031828  -0.943448 -0.235813 0.233020  0.289062 0.109375 0
0  -0.028911 -0.009076 -0.015175  -0.471048 -0.199392 0.859277  0.312500 0.152344 0
0  -0.031594 -0.001759 -0.018633  -0.943448 -0.235812 0.233020  0.289062 0.160156 0
main
0  -0.053249 -0.005305 -0.011359  -0.471088 -0.861588 0.189053  0.210938 0.207031 0
0  -0.040063 0.003963 -0.001980  0.471088 -0.199304 0.859275  0.250000 0.242188 0
0  -0.053249 0.003963 -0.001980  -0.471088 -0.199304 0.859275  0.210938 0.242188 0
main
0  0.045045 -0.005305 -0.011359  0.471088 -0.861589 0.189054  0.632812 0.203125 0
0  0.020953 0.003963 -0.001980  -0.471088 -0.199304 0.859275  0.566406 0.242188 0
0  0.020953 -0.005305 -0.011359  -0.471088 -0.861589 0.189053  0.566406 0.203125 0
main
0  -0.090351 0.003963 -0.001980  -0.471042 -0.199319 0.859297  0.035156 0.242188 0
0  -0.093034 -0.001759 -0.018633  -0.943448 -0.235811 0.233020  0.011719 0.199219 0
0  -0.090351 -0.005305 -0.011359  -0.471043 -0.861610 0.189069  0.035156 0.207031 0
main
0  -0.071376 -0.018344 -0.024554  0.471042 -0.861610 0.189069  0.085938 0.117188 0
0  -0.090351 -0.009076 -0.015175  -0.471048 -0.199391 0.859277  0.035156 0.152344 0
0  -0.090351 -0.018344 -0.024554  -0.471042 -0.861611 0.189069  0.035156 0.117188 0
screen
0  0.028790 0.009622 0.030123  0.295710 -0.905312 -0.304902  1.028212 0.078125 0
0  0.020423 0.006417 0.105431  0.137900 -0.980799 0.137900  0.942275 0.832031 0
0  0.020423 0.006417 0.038489  0.137897 -0.980797 -0.137918  0.942275 0.160156 0
screen
0  0.034704 0.014178 0.024431  0.344836 -0.874321 -0.341540  1.086806 0.019531 0
0  -0.076633 0.009622 0.030123  -0.292752 -0.906146 -0.305281  -0.030382 0.078125 0
0  -0.082630 0.014178 0.024431  -0.343537 -0.875797 -0.339061  -0.088975 0.019531 0
screen
0  -0.068266 0.006417 0.038489  -0.137897 -0.980797 -0.137918  0.055556 0.160156 0
0  0.020423 0.006417 0.105431  0.137900 -0.980799 0.137900  0.942275 0.832031 0
0  -0.068266 0.006417 0.105431  -0.137900 -0.980799 0.137900  0.055556 0.832031 0
screen
0  0.028790 0.009622 0.113798  0.298277 -0.911192 0.284184  1.028212 0.914062 0
0  0.034704 0.014178 0.024431  0.344836 -0.874321 -0.341540  1.086806 0.019531 0
0  0.034704 0.014178 0.120072  0.327946 -0.884104 0.332882  1.086806 0.976562 0
screen
0  -0.076633 0.009622 0.113798  -0.295288 -0.912056 0.284532  -0.030382 0.914062 0
0  0.020423 0.006417 0.105431  0.137900 -0.980799 0.137900  0.942275 0.832031 0
0  0.028790 0.009622 0.113798  0.298277 -0.911192 0.284184  1.028212 0.914062 0
screen
0  -0.082630 0.014178 0.024431  -0.343537 -0.875797 -0.339061  -0.088975 0.019531 0
0  -0.076633 0.009622 0.113798  -0.295288 -0.912056 0.284532  -0.030382 0.914062 0
0  -0.082630 0.014178 0.120072  -0.326810 -0.885393 0.330566  -0.088975 0.976562 0
screen
0  -0.076633 0.009622 0.030123  -0.292752 -0.906146 -0.305281  -0.030382 0.078125 0
0  -0.068266 0.006417 0.105431  -0.137900 -0.980799 0.137900  0.055556 0.832031 0
0  -0.076633 0.009622 0.113798  -0.295288 -0.912056 0.284532  -0.030382 0.914062 0
screen
0  -0.076633 0.009622 0.030123  -0.292752 -0.906146 -0.305281  -0.030382 0.078125 0
0  0.020423 0.006417 0.038489  0.137897 -0.980797 -0.137918  0.942275 0.160156 0
0  -0.068266 0.006417 0.038489  -0.137897 -0.980797 -0.137918  0.055556 0.160156 0
main
0  0.042896 -0.024821 0.081205  -1.000000 -0.000000 0.000000  0.587023 0.842596 0
0  0.042896 0.014178 0.128264  -1.000000 -0.000000 0.000000  0.498834 0.947583 0
0  0.042896 0.014178 0.016239  -1.000000 -0.000000 0.000000  0.498834 0.691415 0
main
0  0.088799 -0.008396 0.026118  0.714609 -0.349231 -0.606112  0.903359 0.117368 0
0  0.082036 -0.001626 0.022383  0.184589 -0.070888 -0.980256  0.879922 0.086118 0
0  0.088799 -0.002129 0.025040  0.358899 -0.084586 -0.929536  0.907265 0.090024 0
main
0  0.089724 0.004644 0.123060  0.996247 -0.000486 0.086554  0.965859 0.523618 0
0  0.089724 0.000018 0.109075  1.000000 -0.000000 0.000000  0.965859 0.457211 0
0  0.089724 0.003136 0.109075  1.000000 0.000000 0.000000  0.981484 0.461118 0
main
0  0.062777 0.000018 0.044798  -1.000000 0.000000 0.000000  0.751015 0.179868 0
0  0.062777 0.003136 0.044798  -1.000000 0.000000 0.000000  0.735390 0.175961 0
0  0.062777 0.004644 0.030813  -0.996255 -0.000488 -0.086467  0.751015 0.113461 0
main
0  -0.031594 -0.001759 -0.018633  0.000000 0.427345 0.904089  0.304688 0.175781 0
0  -0.015726 -0.009076 -0.015175  0.471048 -0.199392 0.859277  0.351562 0.152344 0
0  -0.013043 -0.001759 -0.018633  0.000000 0.427345 0.904089  0.355469 0.175781 0
main
0  0.080445 0.006754 0.015945  0.363000 -0.628819 -0.687618  0.277344 0.375000 0
0  0.081532 0.011014 0.013492  0.387754 -0.223925 -0.894150  0.273438 0.394531 0
0  0.083544 0.009852 0.015945  0.628722 -0.363089 -0.687659  0.261719 0.386719 0
main
0  0.073142 0.008766 0.013492  -0.223925 -0.387809 -0.894126  0.300781 0.394531 0
0  0.076213 0.005620 0.015945  0.000000 -0.726077 -0.687613  0.296875 0.375000 0
0  0.071981 0.006754 0.015945  -0.363000 -0.628818 -0.687618  0.312500 0.386719 0
main
0  0.083544 0.018317 0.015945  0.628761 0.363056 -0.687641  0.253906 0.417969 0
0  0.079284 0.019403 0.013492  0.223895 0.387809 -0.894134  0.273438 0.421875 0
0  0.080445 0.021415 0.015945  0.362989 0.628848 -0.687597  0.261719 0.429688 0
main
0  0.071981 0.021415 0.015945  -0.363000 0.628818 -0.687618  0.296875 0.441406 0
0  0.070894 0.017155 0.013492  -0.387770 0.223911 -0.894146  0.300781 0.421875 0
0  0.068882 0.018317 0.015945  -0.628732 0.363067 -0.687662  0.308594 0.433594 0
main
0  0.076213 0.005620 0.015945  0.000000 -0.726077 -0.687613  0.296875 0.375000 0
0  0.079284 0.008766 0.013492  0.223925 -0.387808 -0.894127  0.281250 0.386719 0
0  0.080445 0.006754 0.015945  0.363000 -0.628819 -0.687618  0.277344 0.375000 0
main
0  0.070894 0.011014 0.013492  -0.387753 -0.223925 -0.894150  0.308594 0.402344 0
0  0.071981 0.006754 0.015945  -0.363000 -0.628818 -0.687618  0.312500 0.386719 0
0  0.068882 0.009852 0.015945  -0.628722 -0.363088 -0.687659  0.320312 0.398438 0
main
0  0.082355 0.014084 0.013492  0.447805 -0.000017 -0.894131  0.265625 0.402344 0
0  0.083544 0.018317 0.015945  0.628761 0.363056 -0.687641  0.253906 0.417969 0
0  0.084678 0.014084 0.015945  0.726085 -0.000020 -0.687605  0.253906 0.398438 0
main
0  0.076213 0.022549 0.015945  0.000000 0.726077 -0.687613  0.277344 0.441406 0
0  0.073142 0.019403 0.013492  -0.223924 0.387810 -0.894126  0.292969 0.429688 0
0  0.071981 0.021415 0.015945  -0.363000 0.628818 -0.687618  0.296875 0.441406 0
main
0  0.070071 0.014084 0.013492  -0.447806 -0.000017 -0.894131  0.308594 0.414062 0
0  0.068882 0.009852 0.015945  -0.628722 -0.363088 -0.687659  0.320312 0.398438 0
0  0.067748 0.014084 0.015945  -0.726086 -0.000019 -0.687604  0.320312 0.417969 0
main
0  0.083544 0.009852 0.015945  0.628722 -0.363089 -0.687659  0.261719 0.386719 0
0  0.082355 0.014084 0.013492  0.447805 -0.000017 -0.894131  0.265625 0.402344 0
0  0.084678 0.014084 0.015945  0.726085 -0.000020 -0.687605  0.253906 0.398438 0
main
0  0.079284 0.019403 0.013492  0.223895 0.387809 -0.894134  0.273438 0.421875 0
0  0.076213 0.022549 0.015945  0.000000 0.726077 -0.687613  0.277344 0.441406 0
0  0.080445 0.021415 0.015945  0.362989 0.628848 -0.687597  0.261719 0.429688 0
main
0  0.068882 0.018317 0.015945  -0.628732 0.363067 -0.687662  0.308594 0.433594 0
0  0.070071 0.014084 0.013492  -0.447806 -0.000017 -0.894131  0.308594 0.414062 0
0  0.067748 0.014084 0.015945  -0.726086 -0.000019 -0.687604  0.320312 0.417969 0
main
0  0.070894 0.017155 0.013492  -0.387770 0.223911 -0.894146  0.300781 0.421875 0
0  0.081532 0.017155 0.013492  0.387770 0.223882 -0.894154  0.265625 0.414062 0
0  0.076213 0.007943 0.013492  0.000000 -0.447817 -0.894125  0.292969 0.386719 0
main
0  0.082036 -0.001626 0.022383  0.184589 -0.070888 -0.980256  0.879922 0.086118 0
0  0.082036 0.006209 0.022383  0.181896 0.000000 -0.983318  0.879922 0.050961 0
0  0.088799 0.005706 0.025040  0.365666 0.000000 -0.930746  0.911172 0.054868 0
main
0  0.070464 -0.001626 0.022383  -0.184589 -0.070887 -0.980256  0.833047 0.086118 0
0  0.063701 -0.002129 0.025040  -0.358899 -0.084585 -0.929536  0.805703 0.093930 0
0  0.063701 0.005706 0.025040  -0.365666 0.000000 -0.930746  0.801797 0.058774 0
main
0  0.088799 0.005706 0.128833  0.365786 0.000000 0.930699  0.911172 0.578305 0
0  0.082036 0.006209 0.131491  0.181957 0.000000 0.983306  0.883828 0.586118 0
0  0.082036 -0.001627 0.131491  0.184626 -0.070923 0.980247  0.879922 0.550961 0
main
0  0.070464 -0.001626 0.022383  -0.184589 -0.070887 -0.980256  0.833047 0.086118 0
0  0.070464 0.006209 0.022383  -0.181896 0.000000 -0.983318  0.833047 0.054868 0
0  0.082036 0.006209 0.022383  0.181896 0.000000 -0.983318  0.879922 0.050961 0
main
0  0.070464 -0.001627 0.131491  -0.184626 -0.070923 0.980247  0.836953 0.554868 0
0  0.070464 0.006209 0.131491  -0.181957 0.000000 0.983306  0.833047 0.586118 0
0  0.063701 0.005706 0.128833  -0.365786 0.000000 0.930699  0.801797 0.578305 0
main
0  0.082036 0.006209 0.131491  0.181957 0.000000 0.983306  0.883828 0.586118 0
0  0.070464 0.006209 0.131491  -0.181957 0.000000 0.983306  0.833047 0.586118 0
0  0.070464 -0.001627 0.131491  -0.184626 -0.070923 0.980247  0.836953 0.554868 0
main
0  0.089724 -0.015328 0.076937  0.817364 -0.576122 0.000000  0.915078 0.320493 0
0  0.082036 -0.018204 0.076937  0.177528 -0.984116 0.000001  0.879922 0.320493 0
0  0.082036 -0.017797 0.061024  0.177362 -0.982855 -0.050386  0.879922 0.257993 0
main
0  0.089724 -0.002123 0.076937  1.000000 -0.000000 0.000000  0.969765 0.320493 0
0  0.089724 -0.015328 0.076937  0.817364 -0.576122 0.000000  0.915078 0.320493 0
0  0.089724 -0.014920 0.061024  0.817240 -0.575528 -0.029780  0.911172 0.254086 0
main
0  0.082036 -0.016543 0.044798  0.176008 -0.977007 -0.120331  0.879922 0.195493 0
0  0.082036 -0.013853 0.029062  0.189777 -0.912783 -0.361679  0.876015 0.136899 0
0  0.089724 -0.011320 0.031034  0.799281 -0.550102 -0.241945  0.907265 0.140805 0
main
0  0.089724 -0.014920 0.061024  0.817240 -0.575528 -0.029780  0.911172 0.254086 0
0  0.082036 -0.017797 0.061024  0.177362 -0.982855 -0.050386  0.879922 0.257993 0
0  0.082036 -0.016543 0.044798  0.176008 -0.977007 -0.120331  0.879922 0.195493 0
main
0  0.070464 -0.001626 0.022383  -0.184589 -0.070887 -0.980256  0.833047 0.086118 0
0  0.070464 -0.010417 0.023648  -0.206329 -0.535398 -0.819010  0.836953 0.117368 0
0  0.063701 -0.008396 0.026118  -0.714679 -0.349220 -0.606036  0.809609 0.117368 0
main
0  0.088799 -0.002129 0.025040  0.986565 -0.006269 -0.163247  0.926797 0.101743 0
0  0.089724 0.004644 0.030813  0.996247 -0.000488 -0.086554  0.965859 0.113461 0
0  0.089724 -0.011320 0.031034  0.799281 -0.550102 -0.241945  0.907265 0.140805 0
main
0  0.070464 -0.001627 0.131491  -0.184626 -0.070923 0.980247  0.836953 0.554868 0
0  0.070464 -0.010417 0.130225  -0.206288 -0.535426 0.819002  0.836953 0.519711 0
0  0.082036 -0.010417 0.130225  0.206288 -0.535426 0.819002  0.876015 0.519711 0
main
0  0.070464 -0.013853 0.029062  -0.189790 -0.912782 -0.361674  0.836953 0.136899 0
0  0.082036 -0.013853 0.029062  0.189777 -0.912783 -0.361679  0.876015 0.136899 0
0  0.082036 -0.016543 0.044798  0.176008 -0.977007 -0.120331  0.879922 0.195493 0
main
0  0.070464 -0.017797 0.061024  -0.177381 -0.982852 -0.050386  0.836953 0.257993 0
0  0.082036 -0.017797 0.061024  0.177362 -0.982855 -0.050386  0.879922 0.257993 0
0  0.082036 -0.018204 0.076937  0.177528 -0.984116 0.000001  0.879922 0.320493 0
main
0  0.070464 -0.016543 0.044798  -0.176028 -0.977003 -0.120330  0.836953 0.195493 0
0  0.082036 -0.016543 0.044798  0.176008 -0.977007 -0.120331  0.879922 0.195493 0
0  0.082036 -0.017797 0.061024  0.177362 -0.982855 -0.050386  0.879922 0.257993 0
main
0  0.088799 -0.008396 0.026118  0.714609 -0.349231 -0.606112  0.903359 0.117368 0
0  0.089724 -0.011320 0.031034  0.799281 -0.550102 -0.241945  0.907265 0.140805 0
0  0.082036 -0.013853 0.029062  0.189777 -0.912783 -0.361679  0.876015 0.136899 0
main
0  0.070464 -0.013853 0.029062  -0.189790 -0.912782 -0.361674  0.836953 0.136899 0
0  0.070464 -0.010417 0.023648  -0.206329 -0.535398 -0.819010  0.836953 0.117368 0
0  0.082036 -0.010417 0.023648  0.206329 -0.535398 -0.819010  0.876015 0.117368 0
main
0  0.062777 -0.015328 0.076937  -0.817375 -0.576105 0.000000  0.801797 0.320493 0
0  0.062777 -0.014920 0.061024  -0.817252 -0.575511 -0.029779  0.801797 0.254086 0
0  0.070464 -0.017797 0.061024  -0.177381 -0.982852 -0.050386  0.836953 0.257993 0
main
0  0.062777 -0.002123 0.076937  -1.000000 0.000000 0.000000  0.747109 0.320493 0
0  0.062777 -0.001369 0.047187  -1.000000 0.000000 0.000000  0.754922 0.191586 0
0  0.062777 -0.014920 0.061024  -0.817252 -0.575511 -0.029779  0.801797 0.254086 0
main
0  0.062777 -0.011320 0.031034  -0.799293 -0.550105 -0.241898  0.809609 0.140805 0
0  0.070464 -0.013853 0.029062  -0.189790 -0.912782 -0.361674  0.836953 0.136899 0
0  0.070464 -0.016543 0.044798  -0.176028 -0.977003 -0.120330  0.836953 0.195493 0
main
0  0.062777 -0.014920 0.061024  -0.817252 -0.575511 -0.029779  0.801797 0.254086 0
0  0.062777 -0.013664 0.044798  -0.813335 -0.577312 -0.072095  0.805703 0.191586 0
0  0.070464 -0.016543 0.044798  -0.176028 -0.977003 -0.120330  0.836953 0.195493 0
main
0  0.063701 -0.008396 0.127756  -0.714673 -0.349198 0.606056  0.809609 0.519711 0
0  0.070464 -0.010417 0.130225  -0.206288 -0.535426 0.819002  0.836953 0.519711 0
0  0.070464 -0.001627 0.131491  -0.184626 -0.070923 0.980247  0.836953 0.554868 0
main
0  0.062777 -0.011320 0.031034  -0.799293 -0.550105 -0.241898  0.809609 0.140805 0
0  0.062777 0.004644 0.030813  -0.996255 -0.000488 -0.086467  0.751015 0.113461 0
0  0.063701 -0.002129 0.025040  -0.986592 -0.006262 -0.163083  0.786172 0.101743 0
main
0  0.070464 -0.013853 0.029062  -0.189790 -0.912782 -0.361674  0.836953 0.136899 0
0  0.062777 -0.011320 0.031034  -0.799293 -0.550105 -0.241898  0.809609 0.140805 0
0  0.063701 -0.008396 0.026118  -0.714679 -0.349220 -0.606036  0.809609 0.117368 0
main
0  0.063701 -0.002129 0.128833  -0.986592 -0.006252 0.163089  0.790078 0.535336 0
0  0.062777 0.004644 0.123060  -0.996255 -0.000486 0.086466  0.751015 0.523618 0
0  0.062777 -0.011320 0.122840  -0.799294 -0.550104 0.241897  0.809609 0.496274 0
main
0  0.063701 -0.008396 0.127756  -0.714673 -0.349198 0.606056  0.809609 0.519711 0
0  0.062777 -0.011320 0.122840  -0.799294 -0.550104 0.241897  0.809609 0.496274 0
0  0.070464 -0.013853 0.124812  -0.189781 -0.912774 0.361701  0.836953 0.500180 0
main
0  0.089724 -0.002123 0.076937  1.000000 -0.000000 0.000000  0.969765 0.320493 0
0  0.089724 -0.001369 0.106686  1.000000 -0.000000 0.000000  0.961953 0.445493 0
0  0.089724 -0.014920 0.092849  0.817240 -0.575527 0.029780  0.911172 0.382993 0
main
0  0.062777 -0.015328 0.076937  -0.817375 -0.576105 0.000000  0.801797 0.320493 0
0  0.070464 -0.018204 0.076937  -0.177548 -0.984112 0.000001  0.836953 0.320493 0
0  0.070464 -0.017797 0.092849  -0.177381 -0.982851 0.050386  0.836953 0.382993 0
main
0  0.082036 -0.010417 0.130225  0.206288 -0.535426 0.819002  0.876015 0.519711 0
0  0.070464 -0.010417 0.130225  -0.206288 -0.535426 0.819002  0.836953 0.519711 0
0  0.070464 -0.013853 0.124812  -0.189781 -0.912774 0.361701  0.836953 0.500180 0
main
0  0.062777 -0.014920 0.092849  -0.817252 -0.575511 0.029780  0.801797 0.382993 0
0  0.070464 -0.017797 0.092849  -0.177381 -0.982851 0.050386  0.836953 0.382993 0
0  0.070464 -0.016543 0.109075  -0.176028 -0.977004 0.120325  0.836953 0.441586 0
main
0  0.082036 -0.013853 0.124812  0.189768 -0.912774 0.361706  0.876015 0.500180 0
0  0.089724 -0.011320 0.122840  0.799282 -0.550101 0.241944  0.907265 0.496274 0
0  0.088799 -0.008396 0.127756  0.714603 -0.349207 0.606132  0.907265 0.519711 0
main
0  0.082036 -0.001626 0.022383  0.184589 -0.070888 -0.980256  0.879922 0.086118 0
0  0.082036 -0.010417 0.023648  0.206329 -0.535398 -0.819010  0.876015 0.117368 0
0  0.070464 -0.010417 0.023648  -0.206329 -0.535398 -0.819010  0.836953 0.117368 0
main
0  0.070464 -0.016543 0.109075  -0.176028 -0.977004 0.120325  0.836953 0.441586 0
0  0.070464 -0.013853 0.124812  -0.189781 -0.912774 0.361701  0.836953 0.500180 0
0  0.062777 -0.011320 0.122840  -0.799294 -0.550104 0.241897  0.809609 0.496274 0
main
0  0.062777 -0.002123 0.076937  -1.000000 0.000000 0.000000  0.747109 0.320493 0
0  0.062777 -0.015328 0.076937  -0.817375 -0.576105 0.000000  0.801797 0.320493 0
0  0.062777 -0.014920 0.092849  -0.817252 -0.575511 0.029780  0.801797 0.382993 0
main
0  0.082036 -0.017797 0.092849  0.177362 -0.982855 0.050386  0.879922 0.382993 0
0  0.082036 -0.016543 0.109075  0.176008 -0.977007 0.120325  0.879922 0.441586 0
0  0.070464 -0.016543 0.109075  -0.176028 -0.977004 0.120325  0.836953 0.441586 0
main
0  0.082036 -0.001627 0.131491  0.184626 -0.070923 0.980247  0.879922 0.550961 0
0  0.082036 -0.010417 0.130225  0.206288 -0.535426 0.819002  0.876015 0.519711 0
0  0.088799 -0.008396 0.127756  0.714603 -0.349207 0.606132  0.907265 0.519711 0
main
0  0.089724 -0.011320 0.122840  0.799282 -0.550101 0.241944  0.907265 0.496274 0
0  0.089724 0.004644 0.123060  0.996247 -0.000486 0.086554  0.965859 0.523618 0
0  0.088799 -0.002129 0.128833  0.986565 -0.006258 0.163253  0.926797 0.535336 0
main
0  0.082036 -0.016543 0.109075  0.176008 -0.977007 0.120325  0.879922 0.441586 0
0  0.082036 -0.013853 0.124812  0.189768 -0.912774 0.361706  0.876015 0.500180 0
0  0.070464 -0.013853 0.124812  -0.189781 -0.912774 0.361701  0.836953 0.500180 0
main
0  0.089724 -0.014920 0.092849  0.817240 -0.575527 0.029780  0.911172 0.382993 0
0  0.089724 -0.013664 0.109075  0.813324 -0.577327 0.072093  0.911172 0.445493 0
0  0.082036 -0.016543 0.109075  0.176008 -0.977007 0.120325  0.879922 0.441586 0
main
0  0.082036 -0.018204 0.076937  0.177528 -0.984116 0.000001  0.879922 0.320493 0
0  0.082036 -0.017797 0.092849  0.177362 -0.982855 0.050386  0.879922 0.382993 0
0  0.070464 -0.017797 0.092849  -0.177381 -0.982851 0.050386  0.836953 0.382993 0
main
0  0.089724 -0.011320 0.122840  0.799282 -0.550101 0.241944  0.907265 0.496274 0
0  0.082036 -0.013853 0.124812  0.189768 -0.912774 0.361706  0.876015 0.500180 0
0  0.082036 -0.016543 0.109075  0.176008 -0.977007 0.120325  0.879922 0.441586 0
main
0  0.089724 -0.015328 0.076937  0.817364 -0.576122 0.000000  0.915078 0.320493 0
0  0.089724 -0.014920 0.092849  0.817240 -0.575527 0.029780  0.911172 0.382993 0
0  0.082036 -0.017797 0.092849  0.177362 -0.982855 0.050386  0.879922 0.382993 0
main
0  -0.099863 0.061125 -0.076486  -1.000000 0.000000 0.000000  0.984956 0.980456 0
0  -0.099863 -0.032342 -0.076486  -1.000000 0.000000 0.000000  0.837975 0.980456 0
0  -0.099863 -0.032342 -0.049830  -1.000000 0.000000 0.000000  0.837975 0.938462 0
main
0  -0.099863 0.022492 0.005576  0.000000 -0.924869 0.380285  0.093750 0.785156 0
0  0.100176 0.022492 0.005576  0.000000 -0.924869 0.380285  0.457031 0.785156 0
0  0.100176 0.022492 0.016239  -0.000000 -0.707105 -0.707108  0.457031 0.804688 0
main
0  -0.099863 -0.032342 -0.049830  0.000000 -0.924869 0.380285  0.093750 0.644531 0
0  -0.099863 -0.032342 -0.076486  0.000000 -1.000000 -0.000000  0.093750 0.597656 0
0  0.100176 -0.032342 -0.076486  0.000000 -1.000000 -0.000000  0.457031 0.597656 0
main
0  -0.099863 0.022492 0.005576  0.000000 -0.924869 0.380285  0.093750 0.785156 0
0  -0.099863 -0.032342 -0.049830  0.000000 -0.924869 0.380285  0.093750 0.644531 0
0  0.100176 -0.032342 -0.049830  0.000000 -0.924869 0.380285  0.457031 0.644531 0
main
0  0.100176 0.061125 -0.076486  1.000000 -0.000000 0.000000  0.483613 0.619810 0
0  0.100176 0.022492 0.005576  1.000000 0.000003 0.000000  0.546606 0.489626 0
0  0.100176 -0.032342 -0.049830  1.000000 -0.000000 0.000000  0.634794 0.577815 0
main
0  -0.099863 0.022492 0.016239  0.000000 -0.707107 -0.707107  0.093750 0.804688 0
0  0.100176 0.022492 0.016239  -0.000000 -0.707105 -0.707108  0.457031 0.804688 0
0  0.042896 0.014178 0.016239  -0.000000 0.000000 -1.000000  0.351562 0.820312 0
main
0  -0.090822 0.014178 0.016239  -0.004908 -0.857068 -0.515180  0.490435 0.678817 0
0  -0.090822 -0.024821 0.081205  0.000000 -0.963686 -0.267039  0.490435 0.850995 0
0  -0.099863 -0.024821 0.081205  -0.000208 -0.963679 -0.267062  0.469438 0.850995 0
main
0  -0.099863 -0.024821 0.081205  -0.000208 -0.963679 -0.267062  0.469438 0.850995 0
0  -0.090822 -0.024821 0.081205  0.000000 -0.963686 -0.267039  0.490435 0.850995 0
0  -0.090822 -0.024821 0.128264  0.000000 -1.000000 -0.000000  0.490435 0.960181 0
main
0  -0.090822 0.014178 0.128264  0.000000 0.000000 -1.000000  0.687810 0.641021 0
0  0.042896 0.014178 0.128264  0.000000 0.000000 -1.000000  0.687810 0.947583 0
0  0.042896 -0.024821 0.128264  0.000000 0.000000 -1.000000  0.599621 0.947583 0
main
0  0.100176 0.001654 0.016239  1.000000 0.000000 0.000000  0.580201 0.472829 0
0  0.100176 0.022492 0.016239  1.000000 0.000000 0.000000  0.546606 0.472829 0
0  0.100176 0.015713 0.137618  1.000000 -0.000000 0.000000  0.559204 0.279653 0
main
0  0.042896 -0.024821 0.081205  -0.000082 -0.963715 -0.266933  0.796997 0.850995 0
0  0.042896 0.014178 0.016239  0.003609 -0.856386 -0.516323  0.796997 0.678817 0
0  0.052250 0.001654 0.037077  -0.000535 -0.857237 -0.514922  0.817994 0.733410 0
main
0  0.052250 -0.024821 0.081205  -0.000000 -0.963719 -0.266919  0.817994 0.850995 0
0  0.052250 -0.024821 0.137618  -0.000000 -1.000000 -0.000000  0.817994 0.981179 0
0  0.042896 -0.024821 0.128264  -0.000000 -1.000000 -0.000000  0.796997 0.960181 0
main
0  -0.099863 -0.024821 0.137618  0.000000 -1.000000 -0.000000  0.469438 0.981179 0
0  -0.090822 -0.024821 0.128264  0.000000 -1.000000 -0.000000  0.490435 0.960181 0
0  0.042896 -0.024821 0.128264  -0.000000 -1.000000 -0.000000  0.796997 0.960181 0
main
0  0.100176 0.001654 0.137618  -0.000000 -1.000000 -0.000000  0.449219 0.566406 0
0  0.052250 0.001654 0.137618  0.000000 -1.000000 -0.000000  0.359375 0.566406 0
0  0.052250 0.001654 0.037077  -0.000000 -1.000000 -0.000000  0.359375 0.382812 0
main
0  0.100176 0.061069 0.108602  0.000000 0.538898 0.842371  0.449219 0.992188 0
0  -0.099863 0.061069 0.108602  0.000000 0.538898 0.842371  0.093750 0.992188 0
0  -0.099863 0.015713 0.137618  0.000000 0.280739 0.959784  0.093750 0.898438 0
main
0  -0.099863 -0.024821 0.137618  0.000000 0.000000 1.000000  0.093750 0.828125 0
0  0.052250 -0.024821 0.137618  0.000000 0.000000 1.000000  0.363281 0.828125 0
0  0.052250 0.001654 0.137618  0.000000 0.000000 1.000000  0.363281 0.875000 0
main
0  -0.016149 -0.005305 -0.011359  -0.471088 -0.861589 0.189053  0.390625 0.207031 0
0  -0.002964 -0.005305 -0.011359  0.470996 -0.861632 0.189084  0.425781 0.207031 0
0  -0.002964 0.003963 -0.001980  0.470996 -0.199335 0.859318  0.425781 0.242188 0
main
0  -0.093034 -0.014798 -0.031828  -0.943448 -0.235813 0.233020  0.011719 0.109375 0
0  -0.090351 -0.018344 -0.024554  -0.471042 -0.861611 0.189069  0.035156 0.117188 0
0  -0.090351 -0.009076 -0.015175  -0.471048 -0.199391 0.859277  0.035156 0.152344 0
main
0  -0.066011 -0.009076 -0.015175  -0.471094 -0.199376 0.859255  0.136719 0.152344 0
0  -0.052825 -0.009076 -0.015175  0.471094 -0.199376 0.859255  0.175781 0.152344 0
0  -0.050143 -0.001759 -0.018633  0.000000 0.427345 0.904089  0.183594 0.175781 0
main
0  0.029177 -0.014798 -0.031828  0.000000 -0.898861 -0.438234  0.523438 0.066406 0
0  0.031859 -0.018344 -0.024554  0.000000 -0.898861 -0.438234  0.558594 0.066406 0
0  0.026740 -0.018344 -0.024554  0.000000 -0.898861 -0.438234  0.550781 0.085938 0
main
0  0.031859 -0.018344 -0.024554  -0.224309 -0.693191 0.684961  0.589844 0.113281 0
0  0.031859 -0.031382 -0.037749  -0.471084 -0.861582 0.189092  0.589844 0.062500 0
0  0.045045 -0.031382 -0.037749  0.471082 -0.861583 0.189094  0.625000 0.062500 0
main
0  0.029177 -0.014798 -0.031828  -0.943483 -0.235748 0.232943  0.566406 0.105469 0
0  0.029177 -0.027836 -0.045023  -0.943477 -0.235754 0.232962  0.566406 0.054688 0
0  0.031859 -0.031382 -0.037749  -0.471084 -0.861582 0.189092  0.589844 0.062500 0
main
0  -0.052825 -0.018344 -0.024554  0.471088 -0.861589 0.189054  0.175781 0.117188 0
0  -0.050143 -0.014798 -0.031828  0.943487 -0.235734 0.232943  0.199219 0.109375 0
0  -0.050143 -0.001759 -0.018633  0.943487 -0.235734 0.232943  0.199219 0.160156 0
main
0  -0.018831 0.011279 -0.005439  0.000000 0.427495 0.904018  0.382812 0.265625 0
0  -0.016149 0.003963 -0.001980  -0.471088 -0.199304 0.859275  0.390625 0.242188 0
0  -0.002964 0.003963 -0.001980  0.470996 -0.199335 0.859318  0.425781 0.242188 0
main
0  -0.034699 0.003963 -0.001980  -0.471042 -0.199320 0.859297  0.300781 0.242188 0
0  -0.037382 0.011279 -0.005439  -0.943448 -0.235813 0.233020  0.277344 0.250000 0
0  -0.037382 -0.001759 -0.018633  -0.943448 -0.235812 0.233020  0.277344 0.199219 0
main
0  0.045045 0.003963 -0.001980  0.471088 -0.199304 0.859275  0.632812 0.242188 0
0  0.045045 -0.005305 -0.011359  0.471088 -0.861589 0.189054  0.632812 0.203125 0
0  0.047727 -0.001759 -0.018633  0.943487 -0.235734 0.232943  0.656250 0.199219 0
main
0  -0.077166 -0.005305 -0.011359  0.471042 -0.861610 0.189069  0.070312 0.207031 0
0  -0.090351 -0.005305 -0.011359  -0.471043 -0.861610 0.189069  0.035156 0.207031 0
0  -0.093034 -0.001759 -0.018633  0.000000 -0.898861 -0.438233  0.027344 0.183594 0
main
0  -0.053249 0.003963 -0.001980  -0.471088 -0.199304 0.859275  0.210938 0.242188 0
0  -0.055931 0.011279 -0.005439  -0.943487 -0.235734 0.232942  0.187500 0.250000 0
0  -0.055931 -0.001759 -0.018633  -0.943487 -0.235733 0.232942  0.187500 0.199219 0
main
0  -0.013042 -0.014798 -0.031828  0.000000 -0.898861 -0.438234  0.394531 0.093750 0
0  0.005508 -0.014798 -0.031828  0.000000 -0.898861 -0.438234  0.445312 0.093750 0
0  0.002826 -0.018344 -0.024554  0.471088 -0.861589 0.189053  0.437500 0.117188 0
main
0  -0.015726 -0.018344 -0.024554  0.471042 -0.861610 0.189069  0.351562 0.117188 0
0  -0.028911 -0.018344 -0.024554  -0.471042 -0.861611 0.189069  0.312500 0.117188 0
0  -0.031594 -0.014798 -0.031828  0.000000 -0.898861 -0.438234  0.304688 0.093750 0
main
0  -0.002964 -0.005305 -0.011359  0.470996 -0.861632 0.189084  0.425781 0.207031 0
0  -0.016149 -0.005305 -0.011359  -0.471088 -0.861589 0.189053  0.390625 0.207031 0
0  -0.018831 -0.001759 -0.018633  0.000000 -0.898861 -0.438234  0.382812 0.183594 0
main
0  -0.034699 0.003963 -0.001980  -0.471042 -0.199320 0.859297  0.300781 0.242188 0
0  -0.021513 0.003963 -0.001980  0.471088 -0.199304 0.859275  0.335938 0.242188 0
0  -0.018831 0.011279 -0.005439  0.000000 0.427495 0.904018  0.343750 0.265625 0
main
0  0.020953 0.003963 -0.001980  -0.471088 -0.199304 0.859275  0.566406 0.242188 0
0  0.018271 0.011279 -0.005439  -0.943487 -0.235734 0.232943  0.542969 0.250000 0
0  0.018271 -0.001759 -0.018633  -0.943487 -0.235735 0.232943  0.542969 0.199219 0
main
0  -0.010360 -0.009076 -0.015175  -0.471094 -0.199376 0.859255  0.402344 0.152344 0
0  -0.013042 -0.001759 -0.018633  -0.943487 -0.235734 0.232943  0.378906 0.160156 0
0  -0.013042 -0.014798 -0.031828  -0.943487 -0.235734 0.232943  0.378906 0.109375 0
main
0  -0.066011 -0.018344 -0.024554  -0.471088 -0.861589 0.189053  0.136719 0.117188 0
0  -0.068693 -0.014798 -0.031828  0.000000 -0.898861 -0.438234  0.132812 0.093750 0
0  -0.050143 -0.014798 -0.031828  0.000000 -0.898861 -0.438234  0.183594 0.093750 0
main
0  -0.052825 -0.018344 -0.024554  0.471088 -0.861589 0.189054  0.175781 0.117188 0
0  -0.052825 -0.009076 -0.015175  0.471094 -0.199376 0.859255  0.175781 0.152344 0
0  -0.066011 -0.009076 -0.015175  -0.471094 -0.199376 0.859255  0.136719 0.152344 0
main
0  -0.093034 -0.001759 -0.018633  0.000000 0.427345 0.904089  0.027344 0.175781 0
0  -0.090351 -0.009076 -0.015175  -0.471048 -0.199391 0.859277  0.035156 0.152344 0
0  -0.071376 -0.009076 -0.015175  0.471048 -0.199393 0.859277  0.085938 0.152344 0
main
0  -0.077166 0.003963 -0.001980  0.471042 -0.199320 0.859297  0.070312 0.242188 0
0  -0.074483 0.011279 -0.005439  0.000000 0.427495 0.904018  0.078125 0.265625 0
0  -0.093034 0.011279 -0.005439  0.000000 0.427495 0.904018  0.027344 0.265625 0
main
0  -0.018831 -0.001759 -0.018633  0.000000 -0.898861 -0.438234  0.343750 0.183594 0
0  -0.021513 -0.005305 -0.011359  0.471088 -0.861589 0.189053  0.335938 0.207031 0
0  -0.034699 -0.005305 -0.011359  -0.471042 -0.861610 0.189069  0.300781 0.207031 0
main
0  -0.034275 -0.009076 -0.015175  0.471094 -0.199376 0.859255  0.261719 0.152344 0
0  -0.031593 -0.001759 -0.018633  0.000000 0.427345 0.904089  0.269531 0.175781 0
0  -0.050143 -0.001759 -0.018633  0.000000 0.427345 0.904088  0.218750 0.175781 0
main
0  -0.077166 -0.005305 -0.011359  0.471042 -0.861610 0.189069  0.070312 0.207031 0
0  -0.074483 -0.001759 -0.018633  0.943448 -0.235812 0.233020  0.093750 0.199219 0
0  -0.074483 0.011279 -0.005439  0.943448 -0.235813 0.233020  0.093750 0.250000 0
main
0  -0.071376 -0.009076 -0.015175  0.471048 -0.199393 0.859277  0.085938 0.152344 0
0  -0.071376 -0.018344 -0.024554  0.471042 -0.861610 0.189069  0.085938 0.117188 0
0  -0.068693 -0.014798 -0.031828  0.943448 -0.235813 0.233020  0.109375 0.109375 0
main
0  0.002826 -0.018344 -0.024554  0.471088 -0.861589 0.189053  0.437500 0.117188 0
0  0.002826 -0.009076 -0.015175  0.471094 -0.199376 0.859255  0.437500 0.152344 0
0  -0.010360 -0.009076 -0.015175  -0.471094 -0.199376 0.859255  0.402344 0.152344 0
main
0  -0.016149 0.003963 -0.001980  -0.471088 -0.199304 0.859275  0.390625 0.242188 0
0  -0.018831 0.011279 -0.005439  -0.943487 -0.235734 0.232943  0.367188 0.250000 0
0  -0.018831 -0.001759 -0.018633  -0.943487 -0.235734 0.232943  0.367188 0.199219 0
main
0  -0.037381 0.011279 -0.005439  0.000000 0.427495 0.904018  0.257812 0.265625 0
0  -0.055931 0.011279 -0.005439  0.000000 0.427495 0.904018  0.203125 0.265625 0
0  -0.053249 0.003963 -0.001980  -0.471088 -0.199304 0.859275  0.210938 0.242188 0
main
0  -0.040063 0.003963 -0.001980  0.471088 -0.199304 0.859275  0.250000 0.242188 0
0  -0.040063 -0.005305 -0.011359  0.471088 -0.861589 0.189054  0.250000 0.207031 0
0  -0.037381 -0.001759 -0.018633  0.943487 -0.235734 0.232943  0.269531 0.199219 0
main
0  0.045045 -0.009076 -0.015175  0.471094 -0.199380 0.859254  0.625000 0.152344 0
0  0.045045 -0.031382 -0.037749  0.471082 -0.861583 0.189094  0.625000 0.062500 0
0  0.047727 -0.027836 -0.045023  0.943478 -0.235756 0.232955  0.648438 0.054688 0
main
0  0.026740 -0.009076 -0.015175  -0.471094 -0.199376 0.859255  0.574219 0.152344 0
0  0.024058 -0.001759 -0.018633  -0.943487 -0.235735 0.232943  0.550781 0.160156 0
0  0.024058 -0.014798 -0.031828  -0.943487 -0.235734 0.232943  0.550781 0.105469 0
main
0  0.047727 -0.027836 -0.045023  0.000000 -0.898910 -0.438133  0.632812 0.039062 0
0  0.045045 -0.031382 -0.037749  0.471082 -0.861583 0.189094  0.625000 0.062500 0
0  0.031859 -0.031382 -0.037749  -0.471084 -0.861582 0.189092  0.589844 0.062500 0
main
0  0.045045 -0.009076 -0.015175  0.471094 -0.199380 0.859254  0.625000 0.152344 0
0  0.047727 -0.001759 -0.018633  0.000000 0.427345 0.904089  0.632812 0.171875 0
0  0.024058 -0.001759 -0.018633  0.000000 0.427345 0.904089  0.566406 0.171875 0
main
0  0.031859 -0.018344 -0.024554  -0.224309 -0.693191 0.684961  0.589844 0.113281 0
0  0.045045 -0.009076 -0.015175  0.471094 -0.199380 0.859254  0.625000 0.152344 0
0  0.026740 -0.009076 -0.015175  -0.471094 -0.199376 0.859255  0.574219 0.152344 0
main
0  -0.064125 -0.022114 -0.028369  0.471088 -0.199397 0.859254  0.105469 0.066406 0
0  -0.090351 -0.022114 -0.028369  -0.471043 -0.199412 0.859275  0.035156 0.066406 0
0  -0.090351 -0.031382 -0.037749  -0.471034 -0.861608 0.189100  0.035156 0.027344 0
main
0  -0.061443 -0.027836 -0.045023  0.000000 -0.898910 -0.438133  0.113281 0.003906 0
0  -0.064125 -0.031382 -0.037749  0.471080 -0.861586 0.189085  0.105469 0.027344 0
0  -0.090351 -0.031382 -0.037749  -0.471034 -0.861608 0.189100  0.035156 0.027344 0
main
0  -0.064125 -0.022114 -0.028369  0.471088 -0.199397 0.859254  0.105469 0.066406 0
0  -0.064125 -0.031382 -0.037749  0.471080 -0.861586 0.189085  0.105469 0.027344 0
0  -0.061443 -0.027836 -0.045023  0.943479 -0.235757 0.232949  0.128906 0.019531 0
main
0  -0.093034 -0.027836 -0.045023  -0.943441 -0.235835 0.233026  0.011719 0.019531 0
0  -0.090351 -0.031382 -0.037749  -0.471034 -0.861608 0.189100  0.035156 0.027344 0
0  -0.090351 -0.022114 -0.028369  -0.471043 -0.199412 0.859275  0.035156 0.066406 0
main
0  -0.061443 -0.014798 -0.031828  0.000000 0.427345 0.904089  0.113281 0.085938 0
0  -0.093034 -0.014798 -0.031828  0.000000 0.427345 0.904089  0.027344 0.085938 0
0  -0.090351 -0.022114 -0.028369  -0.471043 -0.199412 0.859275  0.035156 0.066406 0
main
0  -0.028911 -0.018344 -0.024554  -0.471042 -0.861611 0.189069  0.312500 0.117188 0
0  -0.015726 -0.018344 -0.024554  0.471042 -0.861610 0.189069  0.351562 0.117188 0
0  -0.015726 -0.009076 -0.015175  0.471048 -0.199392 0.859277  0.351562 0.152344 0
main
0  -0.034275 -0.018344 -0.024554  0.471088 -0.861589 0.189054  0.261719 0.117188 0
0  -0.034275 -0.009076 -0.015175  0.471094 -0.199376 0.859255  0.261719 0.152344 0
0  -0.047461 -0.009076 -0.015175  -0.471094 -0.199376 0.859255  0.226562 0.152344 0
main
0  -0.071376 -0.018344 -0.024554  0.471042 -0.861610 0.189069  0.085938 0.117188 0
0  -0.090351 -0.018344 -0.024554  -0.471042 -0.861611 0.189069  0.035156 0.117188 0
0  -0.093034 -0.014798 -0.031828  0.000000 -0.898861 -0.438234  0.027344 0.093750 0
main
0  0.002826 -0.018344 -0.024554  0.471088 -0.861589 0.189053  0.437500 0.117188 0
0  0.005508 -0.014798 -0.031828  0.943487 -0.235734 0.232943  0.460938 0.109375 0
0  0.005508 -0.001759 -0.018633  0.943487 -0.235734 0.232943  0.460938 0.160156 0
main
0  -0.047461 -0.009076 -0.015175  -0.471094 -0.199376 0.859255  0.226562 0.152344 0
0  -0.050143 -0.001759 -0.018633  -0.943487 -0.235734 0.232943  0.203125 0.160156 0
0  -0.050143 -0.014798 -0.031828  -0.943487 -0.235735 0.232943  0.203125 0.109375 0
main
0  -0.068693 -0.014798 -0.031828  -0.943487 -0.235735 0.232943  0.117188 0.109375 0
0  -0.066011 -0.018344 -0.024554  -0.471088 -0.861589 0.189053  0.136719 0.117188 0
0  -0.066011 -0.009076 -0.015175  -0.471094 -0.199376 0.859255  0.136719 0.152344 0
main
0  -0.021513 -0.005305 -0.011359  0.471088 -0.861589 0.189053  0.335938 0.207031 0
0  -0.021513 0.003963 -0.001980  0.471088 -0.199304 0.859275  0.335938 0.242188 0
0  -0.034699 0.003963 -0.001980  -0.471042 -0.199320 0.859297  0.300781 0.242188 0
main
0  -0.021513 0.003963 -0.001980  0.471088 -0.199304 0.859275  0.335938 0.242188 0
0  -0.021513 -0.005305 -0.011359  0.471088 -0.861589 0.189053  0.335938 0.207031 0
0  -0.018831 -0.001759 -0.018633  0.943487 -0.235735 0.232943  0.359375 0.199219 0
main
0  0.002826 -0.009076 -0.015175  0.471094 -0.199376 0.859255  0.437500 0.152344 0
0  0.005508 -0.001759 -0.018633  0.000000 0.427345 0.904089  0.445312 0.175781 0
0  -0.013042 -0.001759 -0.018633  0.000000 0.427345 0.904088  0.394531 0.175781 0
main
0  -0.077166 0.003963 -0.001980  0.471042 -0.199320 0.859297  0.070312 0.242188 0
0  -0.090351 0.003963 -0.001980  -0.471042 -0.199319 0.859297  0.035156 0.242188 0
0  -0.090351 -0.005305 -0.011359  -0.471043 -0.861610 0.189069  0.035156 0.207031 0
main
0  -0.015726 -0.018344 -0.024554  0.471042 -0.861610 0.189069  0.351562 0.117188 0
0  -0.013043 -0.014798 -0.031828  0.943448 -0.235813 0.233020  0.371094 0.109375 0
0  -0.013043 -0.001759 -0.018633  0.943448 -0.235813 0.233020  0.371094 0.160156 0
main
0  -0.040063 -0.005305 -0.011359  0.471088 -0.861589 0.189054  0.250000 0.207031 0
0  -0.053249 -0.005305 -0.011359  -0.471088 -0.861588 0.189053  0.210938 0.207031 0
0  -0.055931 -0.001759 -0.018633  0.000000 -0.898861 -0.438233  0.203125 0.183594 0
main
0  -0.002964 0.003963 -0.001980  0.470996 -0.199335 0.859318  0.425781 0.242188 0
0  -0.002964 -0.005305 -0.011359  0.470996 -0.861632 0.189084  0.425781 0.207031 0
0  -0.000280 -0.001759 -0.018633  0.943409 -0.235891 0.233097  0.449219 0.199219 0
main
0  -0.050143 -0.014798 -0.031828  0.000000 -0.898861 -0.438234  0.218750 0.093750 0
0  -0.031593 -0.014798 -0.031828  0.000000 -0.898861 -0.438234  0.269531 0.093750 0
0  -0.034275 -0.018344 -0.024554  0.471088 -0.861589 0.189054  0.261719 0.117188 0
main
0  0.020953 -0.005305 -0.011359  -0.471088 -0.861589 0.189053  0.566406 0.203125 0
0  0.018271 -0.001759 -0.018633  0.000000 -0.898861 -0.438234  0.558594 0.183594 0
0  0.047727 -0.001759 -0.018633  0.000000 -0.898861 -0.438234  0.640625 0.183594 0
main
0  -0.034275 -0.009076 -0.015175  0.471094 -0.199376 0.859255  0.261719 0.152344 0
0  -0.034275 -0.018344 -0.024554  0.471088 -0.861589 0.189054  0.261719 0.117188 0
0  -0.031593 -0.014798 -0.031828  0.943487 -0.235734 0.232943  0.285156 0.109375 0
main
0  0.020953 0.003963 -0.001980  -0.471088 -0.199304 0.859275  0.566406 0.242188 0
0  0.045045 0.003963 -0.001980  0.471088 -0.199304 0.859275  0.632812 0.242188 0
0  0.047727 0.011279 -0.005439  0.000000 0.427495 0.904018  0.640625 0.265625 0
main
0  -0.031594 -0.014798 -0.031828  -0.943448 -0.235813 0.233020  0.289062 0.109375 0
0  -0.028911 -0.018344 -0.024554  -0.471042 -0.861611 0.189069  0.312500 0.117188 0
0  -0.028911 -0.009076 -0.015175  -0.471048 -0.199392 0.859277  0.312500 0.152344 0
main
0  -0.053249 -0.005305 -0.011359  -0.471088 -0.861588 0.189053  0.210938 0.207031 0
0  -0.040063 -0.005305 -0.011359  0.471088 -0.861589 0.189054  0.250000 0.207031 0
0  -0.040063 0.003963 -0.001980  0.471088 -0.199304 0.859275  0.250000 0.242188 0
main
0  0.045045 -0.005305 -0.011359  0.471088 -0.861589 0.189054  0.632812 0.203125 0
0  0.045045 0.003963 -0.001980  0.471088 -0.199304 0.859275  0.632812 0.242188 0
0  0.020953 0.003963 -0.001980  -0.471088 -0.199304 0.859275  0.566406 0.242188 0
main
0  -0.090351 0.003963 -0.001980  -0.471042 -0.199319 0.859297  0.035156 0.242188 0
0  -0.093034 0.011279 -0.005439  -0.943448 -0.235813 0.233020  0.011719 0.250000 0
0  -0.093034 -0.001759 -0.018633  -0.943448 -0.235811 0.233020  0.011719 0.199219 0
main
0  -0.071376 -0.018344 -0.024554  0.471042 -0.861610 0.189069  0.085938 0.117188 0
0  -0.071376 -0.009076 -0.015175  0.471048 -0.199393 0.859277  0.085938 0.152344 0
0  -0.090351 -0.009076 -0.015175  -0.471048 -0.199391 0.859277  0.035156 0.152344 0
main
0  0.088799 -0.008396 0.026118  0.714609 -0.349231 -0.606112  0.903359 0.117368 0
0  0.082036 -0.010417 0.023648  0.206329 -0.535398 -0.819010  0.876015 0.117368 0
0  0.082036 -0.001626 0.022383  0.184589 -0.070888 -0.980256  0.879922 0.086118 0
main
0  -0.031594 -0.001759 -0.018633  0.000000 0.427345 0.904089  0.304688 0.175781 0
0  -0.028911 -0.009076 -0.015175  -0.471048 -0.199392 0.859277  0.312500 0.152344 0
0  -0.015726 -0.009076 -0.015175  0.471048 -0.199392 0.859277  0.351562 0.152344 0
main
0  0.080445 0.006754 0.015945  0.363000 -0.628819 -0.687618  0.277344 0.375000 0
0  0.079284 0.008766 0.013492  0.223925 -0.387808 -0.894127  0.281250 0.386719 0
0  0.081532 0.011014 0.013492  0.387754 -0.223925 -0.894150  0.273438 0.394531 0
main
0  0.073142 0.008766 0.013492  -0.223925 -0.387809 -0.894126  0.300781 0.394531 0
0  0.076213 0.007943 0.013492  0.000000 -0.447817 -0.894125  0.292969 0.386719 0
0  0.076213 0.005620 0.015945  0.000000 -0.726077 -0.687613  0.296875 0.375000 0
main
0  0.083544 0.018317 0.015945  0.628761 0.363056 -0.687641  0.253906 0.417969 0
0  0.081532 0.017155 0.013492  0.387770 0.223882 -0.894154  0.265625 0.414062 0
0  0.079284 0.019403 0.013492  0.223895 0.387809 -0.894134  0.273438 0.421875 0
main
0  0.071981 0.021415 0.015945  -0.363000 0.628818 -0.687618  0.296875 0.441406 0
0  0.073142 0.019403 0.013492  -0.223924 0.387810 -0.894126  0.292969 0.429688 0
0  0.070894 0.017155 0.013492  -0.387770 0.223911 -0.894146  0.300781 0.421875 0
main
0  0.076213 0.005620 0.015945  0.000000 -0.726077 -0.687613  0.296875 0.375000 0
0  0.076213 0.007943 0.013492  0.000000 -0.447817 -0.894125  0.292969 0.386719 0
0  0.079284 0.008766 0.013492  0.223925 -0.387808 -0.894127  0.281250 0.386719 0
main
0  0.070894 0.011014 0.013492  -0.387753 -0.223925 -0.894150  0.308594 0.402344 0
0  0.073142 0.008766 0.013492  -0.223925 -0.387809 -0.894126  0.300781 0.394531 0
0  0.071981 0.006754 0.015945  -0.363000 -0.628818 -0.687618  0.312500 0.386719 0
main
0  0.082355 0.014084 0.013492  0.447805 -0.000017 -0.894131  0.265625 0.402344 0
0  0.081532 0.017155 0.013492  0.387770 0.223882 -0.894154  0.265625 0.414062 0
0  0.083544 0.018317 0.015945  0.628761 0.363056 -0.687641  0.253906 0.417969 0
main
0  0.076213 0.022549 0.015945  0.000000 0.726077 -0.687613  0.277344 0.441406 0
0  0.076213 0.020226 0.013492  0.000000 0.447818 -0.894125  0.281250 0.429688 0
0  0.073142 0.019403 0.013492  -0.223924 0.387810 -0.894126  0.292969 0.429688 0
main
0  0.070071 0.014084 0.013492  -0.447806 -0.000017 -0.894131  0.308594 0.414062 0
0  0.070894 0.011014 0.013492  -0.387753 -0.223925 -0.894150  0.308594 0.402344 0
0  0.068882 0.009852 0.015945  -0.628722 -0.363088 -0.687659  0.320312 0.398438 0
main
0  0.083544 0.009852 0.015945  0.628722 -0.363089 -0.687659  0.261719 0.386719 0
0  0.081532 0.011014 0.013492  0.387754 -0.223925 -0.894150  0.273438 0.394531 0
0  0.082355 0.014084 0.013492  0.447805 -0.000017 -0.894131  0.265625 0.402344 0
main
0  0.079284 0.019403 0.013492  0.223895 0.387809 -0.894134  0.273438 0.421875 0
0  0.076213 0.020226 0.013492  0.000000 0.447818 -0.894125  0.281250 0.429688 0
0  0.076213 0.022549 0.015945  0.000000 0.726077 -0.687613  0.277344 0.441406 0
main
0  0.068882 0.018317 0.015945  -0.628732 0.363067 -0.687662  0.308594 0.433594 0
0  0.070894 0.017155 0.013492  -0.387770 0.223911 -0.894146  0.300781 0.421875 0
0  0.070071 0.014084 0.013492  -0.447806 -0.000017 -0.894131  0.308594 0.414062 0
main
0  0.076213 0.007943 0.013492  0.000000 -0.447817 -0.894125  0.292969 0.386719 0
0  0.073142 0.008766 0.013492  -0.223925 -0.387809 -0.894126  0.300781 0.394531 0
0  0.070894 0.017155 0.013492  -0.387770 0.223911 -0.894146  0.300781 0.421875 0
main
0  0.073142 0.008766 0.013492  -0.223925 -0.387809 -0.894126  0.300781 0.394531 0
0  0.070894 0.011014 0.013492  -0.387753 -0.223925 -0.894150  0.308594 0.402344 0
0  0.070894 0.017155 0.013492  -0.387770 0.223911 -0.894146  0.300781 0.421875 0
main
0  0.070894 0.011014 0.013492  -0.387753 -0.223925 -0.894150  0.308594 0.402344 0
0  0.070071 0.014084 0.013492  -0.447806 -0.000017 -0.894131  0.308594 0.414062 0
0  0.070894 0.017155 0.013492  -0.387770 0.223911 -0.894146  0.300781 0.421875 0
main
0  0.070894 0.017155 0.013492  -0.387770 0.223911 -0.894146  0.300781 0.421875 0
0  0.073142 0.019403 0.013492  -0.223924 0.387810 -0.894126  0.292969 0.429688 0
0  0.076213 0.020226 0.013492  0.000000 0.447818 -0.894125  0.281250 0.429688 0
main
0  0.076213 0.020226 0.013492  0.000000 0.447818 -0.894125  0.281250 0.429688 0
0  0.079284 0.019403 0.013492  0.223895 0.387809 -0.894134  0.273438 0.421875 0
0  0.081532 0.017155 0.013492  0.387770 0.223882 -0.894154  0.265625 0.414062 0
main
0  0.081532 0.017155 0.013492  0.387770 0.223882 -0.894154  0.265625 0.414062 0
0  0.082355 0.014084 0.013492  0.447805 -0.000017 -0.894131  0.265625 0.402344 0
0  0.081532 0.011014 0.013492  0.387754 -0.223925 -0.894150  0.273438 0.394531 0
main
0  0.081532 0.011014 0.013492  0.387754 -0.223925 -0.894150  0.273438 0.394531 0
0  0.079284 0.008766 0.013492  0.223925 -0.387808 -0.894127  0.281250 0.386719 0
0  0.081532 0.017155 0.013492  0.387770 0.223882 -0.894154  0.265625 0.414062 0
main
0  0.079284 0.008766 0.013492  0.223925 -0.387808 -0.894127  0.281250 0.386719 0
0  0.076213 0.007943 0.013492  0.000000 -0.447817 -0.894125  0.292969 0.386719 0
0  0.081532 0.017155 0.013492  0.387770 0.223882 -0.894154  0.265625 0.414062 0
main
0  0.070894 0.017155 0.013492  -0.387770 0.223911 -0.894146  0.300781 0.421875 0
0  0.076213 0.020226 0.013492  0.000000 0.447818 -0.894125  0.281250 0.429688 0
0  0.081532 0.017155 0.013492  0.387770 0.223882 -0.894154  0.265625 0.414062 0
main
0  0.100176 0.061125 -0.076486  0.000000 0.000000 -1.000000  0.604168 0.281097 0
0  0.100176 -0.032342 -0.076486  0.000000 0.000000 -1.000000  0.717553 0.281097 0
0  -0.099863 -0.032342 -0.076486  0.000000 0.000000 -1.000000  0.717553 0.524666 0
main
0  -0.099863 0.061125 -0.076486  -1.000000 0.000000 0.000000  0.984956 0.980456 0
0  -0.099863 -0.032342 -0.049830  -1.000000 0.000000 0.000000  0.837975 0.938462 0
0  -0.099863 0.022492 0.005576  -1.000000 0.000002 0.000000  0.926164 0.850273 0
main
0  -0.099863 0.061125 -0.076486  0.000000 0.000000 -1.000000  0.604168 0.524666 0
0  0.100176 0.061125 -0.076486  0.000000 0.000000 -1.000000  0.604168 0.281097 0
0  -0.099863 -0.032342 -0.076486  0.000000 0.000000 -1.000000  0.717553 0.524666 0
main
0  0.100176 0.061125 -0.076486  1.000000 -0.000000 0.000000  0.483613 0.619810 0
0  0.100176 0.022492 0.016239  1.000000 0.000000 0.000000  0.546606 0.472829 0
0  0.100176 0.022492 0.005576  1.000000 0.000003 0.000000  0.546606 0.489626 0
main
0  0.100176 0.022492 0.016239  -0.000000 -0.707105 -0.707108  0.457031 0.804688 0
0  0.052250 0.014234 0.016239  -0.000000 0.000000 -1.000000  0.367188 0.820312 0
0  0.042896 0.014178 0.016239  -0.000000 0.000000 -1.000000  0.351562 0.820312 0
main
0  0.100176 0.001654 0.016239  -0.000000 0.000000 -1.000000  0.457031 0.843750 0
0  0.052250 0.001654 0.016239  0.000000 0.000000 -1.000000  0.367188 0.843750 0
0  0.052250 0.014234 0.016239  -0.000000 0.000000 -1.000000  0.367188 0.820312 0
main
0  0.052250 0.014234 0.016239  -1.000000 0.000000 0.000000  0.257812 0.312500 0
0  0.052250 0.001654 0.016239  -1.000000 0.000000 0.000000  0.285156 0.312500 0
0  0.052250 0.001654 0.037077  -1.000000 0.000000 0.000000  0.285156 0.367188 0
main
0  0.002402 -0.005305 -0.011359  -0.471088 -0.861589 0.189053  0.476562 0.207031 0
0  0.015587 0.003963 -0.001980  0.470996 -0.199335 0.859318  0.515625 0.242188 0
0  0.002402 0.003963 -0.001980  -0.471088 -0.199304 0.859275  0.476562 0.242188 0
main
0  -0.000280 0.011279 -0.005439  0.000000 0.427495 0.904018  0.468750 0.265625 0
0  0.015587 0.003963 -0.001980  0.470996 -0.199335 0.859318  0.515625 0.242188 0
0  0.018271 0.011279 -0.005439  0.000000 0.427495 0.904018  0.523438 0.265625 0
main
0  0.015587 -0.005305 -0.011359  0.470996 -0.861632 0.189084  0.515625 0.207031 0
0  -0.000280 -0.001759 -0.018633  0.000000 -0.898861 -0.438234  0.468750 0.183594 0
0  0.018271 -0.001759 -0.018633  0.000000 -0.898861 -0.438234  0.523438 0.183594 0
main
0  0.002402 0.003963 -0.001980  -0.471088 -0.199304 0.859275  0.476562 0.242188 0
0  -0.000280 -0.001759 -0.018633  -0.943487 -0.235734 0.232943  0.457031 0.199219 0
0  0.002402 -0.005305 -0.011359  -0.471088 -0.861589 0.189053  0.476562 0.207031 0
main
0  0.015587 0.003963 -0.001980  0.470996 -0.199335 0.859318  0.515625 0.242188 0
0  0.018271 -0.001759 -0.018633  0.943410 -0.235890 0.233097  0.539062 0.199219 0
0  0.018271 0.011279 -0.005439  0.943409 -0.235891 0.233097  0.539062 0.250000 0
main
0  0.002402 -0.005305 -0.011359  -0.471088 -0.861589 0.189053  0.476562 0.207031 0
0  0.015587 -0.005305 -0.011359  0.470996 -0.861632 0.189084  0.515625 0.207031 0
0  0.015587 0.003963 -0.001980  0.470996 -0.199335 0.859318  0.515625 0.242188 0
main
0  -0.000280 0.011279 -0.005439  0.000000 0.427495 0.904018  0.468750 0.265625 0
0  0.002402 0.003963 -0.001980  -0.471088 -0.199304 0.859275  0.476562 0.242188 0
0  0.015587 0.003963 -0.001980  0.470996 -0.199335 0.859318  0.515625 0.242188 0
main
0  0.015587 -0.005305 -0.011359  0.470996 -0.861632 0.189084  0.515625 0.207031 0
0  0.002402 -0.005305 -0.011359  -0.471088 -0.861589 0.189053  0.476562 0.207031 0
0  -0.000280 -0.001759 -0.018633  0.000000 -0.898861 -0.438234  0.468750 0.183594 0
main
0  0.002402 0.003963 -0.001980  -0.471088 -0.199304 0.859275  0.476562 0.242188 0
0  -0.000280 0.011279 -0.005439  -0.943487 -0.235734 0.232943  0.457031 0.250000 0
0  -0.000280 -0.001759 -0.018633  -0.943487 -0.235734 0.232943  0.457031 0.199219 0
main
0  0.015587 0.003963 -0.001980  0.470996 -0.199335 0.859318  0.515625 0.242188 0
0  0.015587 -0.005305 -0.011359  0.470996 -0.861632 0.189084  0.515625 0.207031 0
0  0.018271 -0.001759 -0.018633  0.943410 -0.235890 0.233097  0.539062 0.199219 0
main
0  -0.071800 -0.005305 -0.011359  -0.471042 -0.861610 0.189069  0.125000 0.207031 0
0  -0.058615 0.003963 -0.001980  0.471042 -0.199320 0.859297  0.160156 0.242188 0
0  -0.071800 0.003963 -0.001980  -0.471042 -0.199320 0.859297  0.125000 0.242188 0
main
0  -0.074483 0.011279 -0.005439  0.000000 0.427495 0.904018  0.117188 0.265625 0
0  -0.058615 0.003963 -0.001980  0.471042 -0.199320 0.859297  0.160156 0.242188 0
0  -0.055932 0.011279 -0.005439  0.000000 0.427495 0.904018  0.167969 0.265625 0
main
0  -0.058615 -0.005305 -0.011359  0.471042 -0.861610 0.189069  0.160156 0.207031 0
0  -0.074483 -0.001759 -0.018633  0.000000 -0.898861 -0.438234  0.117188 0.183594 0
0  -0.055932 -0.001759 -0.018633  0.000000 -0.898861 -0.438233  0.167969 0.183594 0
main
0  -0.071800 0.003963 -0.001980  -0.471042 -0.199320 0.859297  0.125000 0.242188 0
0  -0.074483 -0.001759 -0.018633  -0.943448 -0.235812 0.233020  0.101562 0.199219 0
0  -0.071800 -0.005305 -0.011359  -0.471042 -0.861610 0.189069  0.125000 0.207031 0
main
0  -0.058615 0.003963 -0.001980  0.471042 -0.199320 0.859297  0.160156 0.242188 0
0  -0.055932 -0.001759 -0.018633  0.943448 -0.235813 0.233020  0.183594 0.199219 0
0  -0.055932 0.011279 -0.005439  0.943448 -0.235813 0.233020  0.183594 0.250000 0
main
0  -0.071800 -0.005305 -0.011359  -0.471042 -0.861610 0.189069  0.125000 0.207031 0
0  -0.058615 -0.005305 -0.011359  0.471042 -0.861610 0.189069  0.160156 0.207031 0
0  -0.058615 0.003963 -0.001980  0.471042 -0.199320 0.859297  0.160156 0.242188 0
main
0  -0.074483 0.011279 -0.005439  0.000000 0.427495 0.904018  0.117188 0.265625 0
0  -0.071800 0.003963 -0.001980  -0.471042 -0.199320 0.859297  0.125000 0.242188 0
0  -0.058615 0.003963 -0.001980  0.471042 -0.199320 0.859297  0.160156 0.242188 0
main
0  -0.058615 -0.005305 -0.011359  0.471042 -0.861610 0.189069  0.160156 0.207031 0
0  -0.071800 -0.005305 -0.011359  -0.471042 -0.861610 0.189069  0.125000 0.207031 0
0  -0.074483 -0.001759 -0.018633  0.000000 -0.898861 -0.438234  0.117188 0.183594 0
main
0  -0.071800 0.003963 -0.001980  -0.471042 -0.199320 0.859297  0.125000 0.242188 0
0  -0.074483 0.011279 -0.005439  -0.943448 -0.235813 0.233020  0.101562 0.250000 0
0  -0.074483 -0.001759 -0.018633  -0.943448 -0.235812 0.233020  0.101562 0.199219 0
main
0  -0.058615 0.003963 -0.001980  0.471042 -0.199320 0.859297  0.160156 0.242188 0
0  -0.058615 -0.005305 -0.011359  0.471042 -0.861610 0.189069  0.160156 0.207031 0
0  -0.055932 -0.001759 -0.018633  0.943448 -0.235813 0.233020  0.183594 0.199219 0
main
0  0.005508 -0.014798 -0.031828  0.000000 -0.898861 -0.438234  0.480469 0.093750 0
0  0.021376 -0.018344 -0.024554  0.471088 -0.861589 0.189053  0.527344 0.117188 0
0  0.008190 -0.018344 -0.024554  -0.471088 -0.861589 0.189053  0.488281 0.117188 0
main
0  0.008190 -0.009076 -0.015175  -0.471094 -0.199376 0.859255  0.488281 0.152344 0
0  0.005508 -0.014798 -0.031828  -0.943487 -0.235734 0.232943  0.464844 0.109375 0
0  0.008190 -0.018344 -0.024554  -0.471088 -0.861589 0.189053  0.488281 0.117188 0
main
0  0.021376 -0.018344 -0.024554  0.471088 -0.861589 0.189053  0.527344 0.117188 0
0  0.008190 -0.009076 -0.015175  -0.471094 -0.199376 0.859255  0.488281 0.152344 0
0  0.008190 -0.018344 -0.024554  -0.471088 -0.861589 0.189053  0.488281 0.117188 0
main
0  0.021376 -0.018344 -0.024554  0.471088 -0.861589 0.189053  0.527344 0.117188 0
0  0.024058 -0.001759 -0.018633  0.943487 -0.235734 0.232942  0.546875 0.160156 0
0  0.021376 -0.009076 -0.015175  0.471094 -0.199376 0.859255  0.527344 0.152344 0
main
0  0.021376 -0.009076 -0.015175  0.471094 -0.199376 0.859255  0.527344 0.152344 0
0  0.005508 -0.001759 -0.018633  0.000000 0.427345 0.904089  0.480469 0.175781 0
0  0.008190 -0.009076 -0.015175  -0.471094 -0.199376 0.859255  0.488281 0.152344 0
main
0  0.005508 -0.014798 -0.031828  0.000000 -0.898861 -0.438234  0.480469 0.093750 0
0  0.024058 -0.014798 -0.031828  0.000000 -0.898861 -0.438234  0.531250 0.093750 0
0  0.021376 -0.018344 -0.024554  0.471088 -0.861589 0.189053  0.527344 0.117188 0
main
0  0.008190 -0.009076 -0.015175  -0.471094 -0.199376 0.859255  0.488281 0.152344 0
0  0.005508 -0.001759 -0.018633  -0.943487 -0.235734 0.232943  0.464844 0.160156 0
0  0.005508 -0.014798 -0.031828  -0.943487 -0.235734 0.232943  0.464844 0.109375 0
main
0  0.021376 -0.018344 -0.024554  0.471088 -0.861589 0.189053  0.527344 0.117188 0
0  0.021376 -0.009076 -0.015175  0.471094 -0.199376 0.859255  0.527344 0.152344 0
0  0.008190 -0.009076 -0.015175  -0.471094 -0.199376 0.859255  0.488281 0.152344 0
main
0  0.021376 -0.018344 -0.024554  0.471088 -0.861589 0.189053  0.527344 0.117188 0
0  0.024058 -0.014798 -0.031828  0.943487 -0.235734 0.232943  0.546875 0.109375 0
0  0.024058 -0.001759 -0.018633  0.943487 -0.235734 0.232942  0.546875 0.160156 0
main
0  0.021376 -0.009076 -0.015175  0.471094 -0.199376 0.859255  0.527344 0.152344 0
0  0.024058 -0.001759 -0.018633  0.000000 0.427345 0.904088  0.531250 0.175781 0
0  0.005508 -0.001759 -0.018633  0.000000 0.427345 0.904089  0.480469 0.175781 0
main
0  -0.099863 0.061125 -0.076486  -1.000000 0.000000 0.000000  0.984956 0.980456 0
0  -0.099863 0.022492 0.016239  -1.000000 0.000000 0.000000  0.926164 0.833475 0
0  -0.099863 0.061069 0.108602  -1.000000 0.000000 0.000000  0.984956 0.686493 0
main
0  -0.058761 -0.022114 -0.028369  -0.471088 -0.199397 0.859254  0.160156 0.066406 0
0  -0.042893 -0.014798 -0.031828  0.000000 0.427345 0.904088  0.203125 0.085938 0
0  -0.061443 -0.014798 -0.031828  0.000000 0.427345 0.904088  0.152344 0.085938 0
main
0  -0.045575 -0.031382 -0.037749  0.471086 -0.861583 0.189086  0.195312 0.027344 0
0  -0.042893 -0.014798 -0.031828  0.943484 -0.235747 0.232940  0.218750 0.074219 0
0  -0.045575 -0.022114 -0.028369  0.471094 -0.199398 0.859250  0.195312 0.066406 0
main
0  -0.058761 -0.031382 -0.037749  -0.471080 -0.861586 0.189085  0.160156 0.027344 0
0  -0.042893 -0.027836 -0.045023  0.000000 -0.898910 -0.438133  0.203125 0.003906 0
0  -0.045575 -0.031382 -0.037749  0.471086 -0.861583 0.189086  0.195312 0.027344 0
main
0  -0.045575 -0.031382 -0.037749  0.471086 -0.861583 0.189086  0.195312 0.027344 0
0  -0.058761 -0.022114 -0.028369  -0.471088 -0.199397 0.859254  0.160156 0.066406 0
0  -0.058761 -0.031382 -0.037749  -0.471080 -0.861586 0.189085  0.160156 0.027344 0
main
0  -0.061443 -0.027836 -0.045023  -0.943479 -0.235757 0.232949  0.136719 0.019531 0
0  -0.058761 -0.022114 -0.028369  -0.471088 -0.199397 0.859254  0.160156 0.066406 0
0  -0.061443 -0.014798 -0.031828  -0.943487 -0.235735 0.232943  0.136719 0.074219 0
main
0  -0.058761 -0.022114 -0.028369  -0.471088 -0.199397 0.859254  0.160156 0.066406 0
0  -0.045575 -0.022114 -0.028369  0.471094 -0.199398 0.859250  0.195312 0.066406 0
0  -0.042893 -0.014798 -0.031828  0.000000 0.427345 0.904088  0.203125 0.085938 0
main
0  -0.045575 -0.031382 -0.037749  0.471086 -0.861583 0.189086  0.195312 0.027344 0
0  -0.042893 -0.027836 -0.045023  0.943477 -0.235754 0.232962  0.218750 0.019531 0
0  -0.042893 -0.014798 -0.031828  0.943484 -0.235747 0.232940  0.218750 0.074219 0
main
0  -0.058761 -0.031382 -0.037749  -0.471080 -0.861586 0.189085  0.160156 0.027344 0
0  -0.061443 -0.027836 -0.045023  0.000000 -0.898910 -0.438133  0.152344 0.003906 0
0  -0.042893 -0.027836 -0.045023  0.000000 -0.898910 -0.438133  0.203125 0.003906 0
main
0  -0.045575 -0.031382 -0.037749  0.471086 -0.861583 0.189086  0.195312 0.027344 0
0  -0.045575 -0.022114 -0.028369  0.471094 -0.199398 0.859250  0.195312 0.066406 0
0  -0.058761 -0.022114 -0.028369  -0.471088 -0.199397 0.859254  0.160156 0.066406 0
main
0  -0.061443 -0.027836 -0.045023  -0.943479 -0.235757 0.232949  0.136719 0.019531 0
0  -0.058761 -0.031382 -0.037749  -0.471080 -0.861586 0.189085  0.160156 0.027344 0
0  -0.058761 -0.022114 -0.028369  -0.471088 -0.199397 0.859254  0.160156 0.066406 0
main
0  0.010627 -0.027836 -0.045023  0.000000 -0.898910 -0.438133  0.390625 0.003906 0
0  -0.040210 -0.031382 -0.037749  -0.471034 -0.861608 0.189100  0.246094 0.027344 0
0  -0.042893 -0.027836 -0.045023  0.000000 -0.898910 -0.438133  0.238281 0.003906 0
main
0  0.007945 -0.031382 -0.037749  0.471080 -0.861586 0.189084  0.382812 0.027344 0
0  -0.040210 -0.022114 -0.028369  -0.471043 -0.199412 0.859275  0.246094 0.066406 0
0  -0.040210 -0.031382 -0.037749  -0.471034 -0.861608 0.189100  0.246094 0.027344 0
main
0  -0.040210 -0.022114 -0.028369  -0.471043 -0.199412 0.859275  0.246094 0.066406 0
0  0.010627 -0.014798 -0.031828  0.000000 0.427345 0.904089  0.390625 0.085938 0
0  -0.042893 -0.014798 -0.031828  0.000000 0.427345 0.904088  0.238281 0.085938 0
main
0  0.010627 -0.027836 -0.045023  0.943479 -0.235757 0.232949  0.402344 0.019531 0
0  0.007945 -0.022114 -0.028369  0.471088 -0.199397 0.859253  0.382812 0.066406 0
0  0.007945 -0.031382 -0.037749  0.471080 -0.861586 0.189084  0.382812 0.027344 0
main
0  -0.042893 -0.027836 -0.045023  -0.943441 -0.235834 0.233026  0.226562 0.019531 0
0  -0.040210 -0.022114 -0.028369  -0.471043 -0.199412 0.859275  0.246094 0.066406 0
0  -0.042893 -0.014798 -0.031828  -0.943448 -0.235813 0.233020  0.226562 0.074219 0
main
0  0.010627 -0.027836 -0.045023  0.000000 -0.898910 -0.438133  0.390625 0.003906 0
0  0.007945 -0.031382 -0.037749  0.471080 -0.861586 0.189084  0.382812 0.027344 0
0  -0.040210 -0.031382 -0.037749  -0.471034 -0.861608 0.189100  0.246094 0.027344 0
main
0  0.007945 -0.031382 -0.037749  0.471080 -0.861586 0.189084  0.382812 0.027344 0
0  0.007945 -0.022114 -0.028369  0.471088 -0.199397 0.859253  0.382812 0.066406 0
0  -0.040210 -0.022114 -0.028369  -0.471043 -0.199412 0.859275  0.246094 0.066406 0
main
0  -0.040210 -0.022114 -0.028369  -0.471043 -0.199412 0.859275  0.246094 0.066406 0
0  0.007945 -0.022114 -0.028369  0.471088 -0.199397 0.859253  0.382812 0.066406 0
0  0.010627 -0.014798 -0.031828  0.000000 0.427345 0.904089  0.390625 0.085938 0
main
0  0.010627 -0.027836 -0.045023  0.943479 -0.235757 0.232949  0.402344 0.019531 0
0  0.010627 -0.014798 -0.031828  0.943487 -0.235734 0.232943  0.402344 0.074219 0
0  0.007945 -0.022114 -0.028369  0.471088 -0.199397 0.859253  0.382812 0.066406 0
main
0  -0.042893 -0.027836 -0.045023  -0.943441 -0.235834 0.233026  0.226562 0.019531 0
0  -0.040210 -0.031382 -0.037749  -0.471034 -0.861608 0.189100  0.246094 0.027344 0
0  -0.040210 -0.022114 -0.028369  -0.471043 -0.199412 0.859275  0.246094 0.066406 0
main
0  0.079349 -0.009714 0.025526  0.713621 -0.695556 0.083347  0.046875 0.992188 0
0  0.080955 -0.006880 0.019986  0.979340 0.027624 0.200324  0.054688 0.976562 0
0  0.080661 -0.006532 0.025422  0.998527 -0.002888 0.054184  0.054688 0.992188 0
main
0  0.076202 -0.011058 0.025253  0.017891 -0.997711 0.065220  0.039062 0.992188 0
0  0.079646 -0.010065 0.020062  0.674805 -0.705337 0.217111  0.046875 0.976562 0
0  0.079349 -0.009714 0.025526  0.713621 -0.695556 0.083347  0.046875 0.992188 0
main
0  0.073064 -0.009777 0.024763  -0.697824 -0.716243 0.006135  0.027344 0.992188 0
0  0.076522 -0.011427 0.019560  -0.041499 -0.994122 0.099996  0.039062 0.976562 0
0  0.076202 -0.011058 0.025253  0.017891 -0.997711 0.065220  0.039062 0.992188 0
main
0  0.071772 -0.006620 0.024343  -0.998245 -0.006096 -0.058899  0.019531 0.992188 0
0  0.073414 -0.010168 0.018775  -0.717791 -0.692311 -0.074034  0.027344 0.976562 0
0  0.073064 -0.009777 0.024763  -0.697824 -0.716243 0.006135  0.027344 0.992188 0
main
0  0.073451 -0.003841 0.018091  -0.902315 0.365488 -0.228572  0.007812 0.976562 0
0  0.071772 -0.006620 0.024343  -0.998245 -0.006096 -0.058899  0.019531 0.992188 0
0  0.073084 -0.003437 0.024239  -0.922500 0.377639 -0.079890  0.007812 0.992188 0
main
0  0.076574 -0.002479 0.018593  -0.028393 0.992997 -0.114675  0.074219 0.976562 0
0  0.073084 -0.003437 0.024239  -0.385937 0.918815 -0.082657  0.085938 0.992188 0
0  0.076231 -0.002093 0.024512  0.014171 0.997825 -0.064375  0.074219 0.992188 0
main
0  0.079682 -0.003738 0.019378  0.672651 0.737581 0.059295  0.066406 0.976562 0
0  0.076231 -0.002093 0.024512  0.014171 0.997825 -0.064375  0.074219 0.992188 0
0  0.079370 -0.003375 0.025001  0.718278 0.695735 -0.005457  0.066406 0.992188 0
main
0  0.080955 -0.006880 0.019986  0.979340 0.027624 0.200324  0.054688 0.976562 0
0  0.079370 -0.003375 0.025001  0.718278 0.695735 -0.005457  0.066406 0.992188 0
0  0.080661 -0.006532 0.025422  0.998527 -0.002888 0.054184  0.054688 0.992188 0
main
0  0.085535 -0.012549 0.004251  0.609193 -0.665925 0.430613  0.046875 0.925781 0
0  0.080955 -0.006880 0.019986  0.979340 0.027624 0.200324  0.054688 0.976562 0
0  0.079646 -0.010065 0.020062  0.674805 -0.705337 0.217111  0.046875 0.976562 0
main
0  0.082621 -0.014005 0.003134  -0.052137 -0.983406 0.173764  0.039062 0.925781 0
0  0.079646 -0.010065 0.020062  0.674805 -0.705337 0.217111  0.046875 0.976562 0
0  0.076522 -0.011427 0.019560  -0.041499 -0.994122 0.099996  0.039062 0.976562 0
main
0  0.079789 -0.012872 0.001534  -0.674470 -0.715676 -0.181379  0.027344 0.925781 0
0  0.076522 -0.011427 0.019560  -0.041499 -0.994122 0.099996  0.039062 0.976562 0
0  0.073414 -0.010168 0.018775  -0.717791 -0.692311 -0.074034  0.027344 0.976562 0
main
0  0.078700 -0.009812 0.000388  -0.902994 -0.041536 -0.427642  0.019531 0.925781 0
0  0.073414 -0.010168 0.018775  -0.717791 -0.692311 -0.074034  0.027344 0.976562 0
0  0.072142 -0.007026 0.018167  -0.978988 -0.006408 -0.203819  0.019531 0.976562 0
main
0  0.073451 -0.003841 0.018091  -0.902315 0.365488 -0.228572  0.007812 0.976562 0
0  0.078700 -0.009812 0.000388  -0.902994 -0.041536 -0.427642  0.019531 0.925781 0
0  0.072142 -0.007026 0.018167  -0.978988 -0.006408 -0.203819  0.019531 0.976562 0
main
0  0.076574 -0.002479 0.018593  -0.028393 0.992997 -0.114675  0.074219 0.976562 0
0  0.079990 -0.006619 0.000367  -0.316711 0.888299 -0.332594  0.085938 0.925781 0
0  0.073451 -0.003841 0.018091  -0.369381 0.912240 -0.177134  0.085938 0.976562 0
main
0  0.079682 -0.003738 0.019378  0.672651 0.737581 0.059295  0.066406 0.976562 0
0  0.082905 -0.005162 0.001484  0.011377 0.981193 -0.192693  0.074219 0.925781 0
0  0.076574 -0.002479 0.018593  -0.028393 0.992997 -0.114675  0.074219 0.976562 0
main
0  0.080955 -0.006880 0.019986  0.979340 0.027624 0.200324  0.054688 0.976562 0
0  0.085736 -0.006296 0.003084  0.646461 0.745411 0.162638  0.066406 0.925781 0
0  0.079682 -0.003738 0.019378  0.672651 0.737581 0.059295  0.066406 0.976562 0
main
0  0.097583 -0.017522 -0.015446  0.559107 -0.626253 0.543330  0.046875 0.859375 0
0  0.086826 -0.009356 0.004230  0.902668 0.060332 0.426088  0.054688 0.925781 0
0  0.085535 -0.012549 0.004251  0.609193 -0.665925 0.430613  0.046875 0.925781 0
main
0  0.094769 -0.019024 -0.016744  -0.071792 -0.964932 0.252493  0.039062 0.859375 0
0  0.085535 -0.012549 0.004251  0.609193 -0.665925 0.430613  0.046875 0.925781 0
0  0.082621 -0.014005 0.003134  -0.052137 -0.983406 0.173764  0.039062 0.925781 0
main
0  0.092139 -0.017983 -0.018710  -0.659442 -0.727712 -0.188607  0.027344 0.859375 0
0  0.082621 -0.014005 0.003134  -0.052137 -0.983406 0.173764  0.039062 0.925781 0
0  0.079789 -0.012872 0.001534  -0.674470 -0.715676 -0.181379  0.027344 0.925781 0
main
0  0.091236 -0.015009 -0.020192  -0.854653 -0.062010 -0.515483  0.019531 0.859375 0
0  0.079789 -0.012872 0.001534  -0.674470 -0.715676 -0.181379  0.027344 0.925781 0
0  0.078700 -0.009812 0.000388  -0.902994 -0.041536 -0.427642  0.019531 0.925781 0
main
0  0.079990 -0.006619 0.000367  -0.822623 0.329251 -0.463558  0.007812 0.925781 0
0  0.091236 -0.015009 -0.020192  -0.854653 -0.062010 -0.515483  0.019531 0.859375 0
0  0.078700 -0.009812 0.000388  -0.902994 -0.041536 -0.427642  0.019531 0.925781 0
main
0  0.082905 -0.005162 0.001484  0.011377 0.981193 -0.192693  0.074219 0.925781 0
0  0.092587 -0.011843 -0.020323  -0.262571 0.863570 -0.430468  0.085938 0.859375 0
0  0.079990 -0.006619 0.000367  -0.316711 0.888299 -0.332594  0.085938 0.925781 0
main
0  0.085736 -0.006296 0.003084  0.646461 0.745411 0.162638  0.066406 0.925781 0
0  0.095401 -0.010341 -0.019026  0.068865 0.964614 -0.254513  0.074219 0.859375 0
0  0.082905 -0.005162 0.001484  0.011377 0.981193 -0.192693  0.074219 0.925781 0
main
0  0.086826 -0.009356 0.004230  0.902668 0.060332 0.426088  0.054688 0.925781 0
0  0.098031 -0.011383 -0.017060  0.649771 0.738864 0.178543  0.066406 0.859375 0
0  0.085736 -0.006296 0.003084  0.646461 0.745411 0.162638  0.066406 0.925781 0
main
0  0.110650 -0.024978 -0.035802  0.548450 -0.600184 0.582221  0.046875 0.789062 0
0  0.098935 -0.014357 -0.015577  0.855970 0.082985 0.510323  0.054688 0.859375 0
0  0.097583 -0.017522 -0.015446  0.559107 -0.626253 0.543330  0.046875 0.859375 0
main
0  0.107681 -0.026381 -0.036840  -0.114568 -0.927345 0.356237  0.039062 0.789062 0
0  0.097583 -0.017522 -0.015446  0.559107 -0.626253 0.543330  0.046875 0.859375 0
0  0.094769 -0.019024 -0.016744  -0.071792 -0.964932 0.252493  0.039062 0.859375 0
main
0  0.105048 -0.025338 -0.038800  -0.713593 -0.694969 -0.088332  0.027344 0.789062 0
0  0.094769 -0.019024 -0.016744  -0.071792 -0.964932 0.252493  0.039062 0.859375 0
0  0.092139 -0.017983 -0.018710  -0.659442 -0.727712 -0.188607  0.027344 0.859375 0
main
0  0.091236 -0.015009 -0.020192  -0.854653 -0.062010 -0.515483  0.019531 0.859375 0
0  0.105048 -0.025338 -0.038800  -0.713593 -0.694969 -0.088332  0.027344 0.789062 0
0  0.092139 -0.017983 -0.018710  -0.659442 -0.727712 -0.188607  0.027344 0.859375 0
main
0  0.092587 -0.011843 -0.020323  -0.763712 0.302138 -0.570489  0.007812 0.859375 0
0  0.104294 -0.022459 -0.040534  -0.877361 -0.039790 -0.478178  0.019531 0.789062 0
0  0.091236 -0.015009 -0.020192  -0.854653 -0.062010 -0.515483  0.019531 0.859375 0
main
0  0.095401 -0.010341 -0.019026  0.068865 0.964614 -0.254513  0.074219 0.859375 0
0  0.105860 -0.019431 -0.041026  -0.218963 0.835819 -0.503449  0.085938 0.789062 0
0  0.092587 -0.011843 -0.020323  -0.262571 0.863570 -0.430468  0.085938 0.859375 0
main
0  0.098031 -0.011383 -0.017060  0.649771 0.738864 0.178543  0.066406 0.859375 0
0  0.108829 -0.018028 -0.039988  0.139988 0.928668 -0.343480  0.074219 0.789062 0
0  0.095401 -0.010341 -0.019026  0.068865 0.964614 -0.254513  0.074219 0.859375 0
main
0  0.112216 -0.021950 -0.036294  0.882797 0.072708 0.464093  0.054688 0.789062 0
0  0.098031 -0.011383 -0.017060  0.649771 0.738864 0.178543  0.066406 0.859375 0
0  0.098935 -0.014357 -0.015577  0.855970 0.082985 0.510323  0.054688 0.859375 0
main
0  0.119274 -0.034569 -0.053495  0.571662 -0.602646 0.556795  0.046875 0.730469 0
0  0.112216 -0.021950 -0.036294  0.882797 0.072708 0.464093  0.054688 0.789062 0
0  0.110650 -0.024978 -0.035802  0.548450 -0.600184 0.582221  0.046875 0.789062 0
main
0  0.116004 -0.035594 -0.053840  -0.154500 -0.854643 0.495697  0.039062 0.730469 0
0  0.110650 -0.024978 -0.035802  0.548450 -0.600184 0.582221  0.046875 0.789062 0
0  0.107681 -0.026381 -0.036840  -0.114568 -0.927345 0.356237  0.039062 0.789062 0
main
0  0.113227 -0.034369 -0.055468  -0.798526 -0.588965 0.124407  0.027344 0.730469 0
0  0.107681 -0.026381 -0.036840  -0.114568 -0.927345 0.356237  0.039062 0.789062 0
0  0.105048 -0.025338 -0.038800  -0.713593 -0.694969 -0.088332  0.027344 0.789062 0
main
0  0.112569 -0.031612 -0.057424  -0.943865 0.048420 -0.326764  0.019531 0.730469 0
0  0.105048 -0.025338 -0.038800  -0.713593 -0.694969 -0.088332  0.027344 0.789062 0
0  0.104294 -0.022459 -0.040534  -0.877361 -0.039790 -0.478178  0.019531 0.789062 0
main
0  0.105860 -0.019431 -0.041026  -0.764421 0.302332 -0.569435  0.007812 0.789062 0
0  0.112569 -0.031612 -0.057424  -0.943865 0.048420 -0.326764  0.019531 0.730469 0
0  0.104294 -0.022459 -0.040534  -0.877361 -0.039790 -0.478178  0.019531 0.789062 0
main
0  0.108829 -0.018028 -0.039988  0.139988 0.928668 -0.343480  0.074219 0.789062 0
0  0.114416 -0.028937 -0.058563  -0.190844 0.800370 -0.568319  0.085938 0.730469 0
0  0.105860 -0.019431 -0.041026  -0.218963 0.835819 -0.503449  0.085938 0.789062 0
main
0  0.111462 -0.019071 -0.038028  0.711881 0.697311 0.083563  0.066406 0.789062 0
0  0.117686 -0.027912 -0.058218  0.218035 0.851399 -0.477055  0.074219 0.730469 0
0  0.108829 -0.018028 -0.039988  0.139988 0.928668 -0.343480  0.074219 0.789062 0
main
0  0.112216 -0.021950 -0.036294  0.882797 0.072708 0.464093  0.054688 0.789062 0
0  0.120463 -0.029137 -0.056590  0.809419 0.574162 -0.123201  0.066406 0.730469 0
0  0.111462 -0.019071 -0.038028  0.711881 0.697311 0.083563  0.066406 0.789062 0
main
0  0.120893 -0.044671 -0.067300  0.598316 -0.684557 0.416414  0.046875 0.683594 0
0  0.121121 -0.031894 -0.054634  0.955207 -0.014389 0.295590  0.054688 0.730469 0
0  0.119274 -0.034569 -0.053495  0.571662 -0.602646 0.556795  0.046875 0.730469 0
main
0  0.117598 -0.044720 -0.066298  -0.124883 -0.746011 0.654119  0.039062 0.683594 0
0  0.119274 -0.034569 -0.053495  0.571662 -0.602646 0.556795  0.046875 0.730469 0
0  0.116004 -0.035594 -0.053840  -0.154500 -0.854643 0.495697  0.039062 0.730469 0
main
0  0.114804 -0.042840 -0.067021  -0.800049 -0.355375 0.483352  0.027344 0.683594 0
0  0.116004 -0.035594 -0.053840  -0.154500 -0.854643 0.495697  0.039062 0.730469 0
0  0.113227 -0.034369 -0.055468  -0.798526 -0.588965 0.124407  0.027344 0.730469 0
main
0  0.114148 -0.040132 -0.069045  -0.957974 0.286856 0.000247  0.019531 0.683594 0
0  0.113227 -0.034369 -0.055468  -0.798526 -0.588965 0.124407  0.027344 0.730469 0
0  0.112569 -0.031612 -0.057424  -0.943865 0.048420 -0.326764  0.019531 0.730469 0
main
0  0.114416 -0.028937 -0.058563  -0.806478 0.351769 -0.475239  0.007812 0.730469 0
0  0.114148 -0.040132 -0.069045  -0.957974 0.286856 0.000247  0.019531 0.683594 0
0  0.112569 -0.031612 -0.057424  -0.943865 0.048420 -0.326764  0.019531 0.730469 0
main
0  0.117686 -0.027912 -0.058218  0.218035 0.851399 -0.477055  0.074219 0.730469 0
0  0.116013 -0.038183 -0.071186  -0.186843 0.795155 -0.576904  0.085938 0.683594 0
0  0.114416 -0.028937 -0.058563  -0.190844 0.800370 -0.568319  0.085938 0.730469 0
main
0  0.120463 -0.029137 -0.056590  0.809419 0.574162 -0.123201  0.066406 0.730469 0
0  0.119308 -0.038134 -0.072189  0.257895 0.725819 -0.637712  0.074219 0.683594 0
0  0.117686 -0.027912 -0.058218  0.218035 0.851399 -0.477055  0.074219 0.730469 0
main
0  0.121121 -0.031894 -0.054634  0.955207 -0.014389 0.295590  0.054688 0.730469 0
0  0.122102 -0.040014 -0.071466  0.830969 0.312178 -0.460474  0.066406 0.683594 0
0  0.120463 -0.029137 -0.056590  0.809419 0.574162 -0.123201  0.066406 0.730469 0
main
0  0.120893 -0.044671 -0.067300  0.598316 -0.684557 0.416414  0.046875 0.683594 0
0  0.117409 -0.049783 -0.077134  0.747251 -0.547432 -0.376740  0.054688 0.660156 0
0  0.122758 -0.042722 -0.069441  0.966632 -0.253294 -0.038267  0.054688 0.683594 0
main
0  0.113664 -0.050087 -0.071850  -0.052576 -0.635804 0.770058  0.039062 0.660156 0
0  0.120893 -0.044671 -0.067300  0.598316 -0.684557 0.416414  0.046875 0.683594 0
0  0.117598 -0.044720 -0.066298  -0.124883 -0.746011 0.654119  0.039062 0.683594 0
main
0  0.111456 -0.047293 -0.071768  -0.585050 -0.046784 0.809647  0.027344 0.660156 0
0  0.117598 -0.044720 -0.066298  -0.124883 -0.746011 0.654119  0.039062 0.683594 0
0  0.114804 -0.042840 -0.067021  -0.800049 -0.355375 0.483352  0.027344 0.683594 0
main
0  0.110799 -0.044374 -0.073875  -0.728041 0.583483 0.359867  0.019531 0.660156 0
0  0.114804 -0.042840 -0.067021  -0.800049 -0.355375 0.483352  0.027344 0.683594 0
0  0.114148 -0.040132 -0.069045  -0.957974 0.286856 0.000247  0.019531 0.683594 0
main
0  0.116013 -0.038183 -0.071186  -0.816082 0.535066 -0.218438  0.007812 0.683594 0
0  0.110799 -0.044374 -0.073875  -0.728041 0.583483 0.359867  0.019531 0.660156 0
0  0.114148 -0.040132 -0.069045  -0.957974 0.286856 0.000247  0.019531 0.683594 0
main
0  0.119308 -0.038134 -0.072189  0.257895 0.725819 -0.637712  0.074219 0.683594 0
0  0.112078 -0.043039 -0.076936  -0.157894 0.818050 -0.553049  0.085938 0.660156 0
0  0.116013 -0.038183 -0.071186  -0.186843 0.795155 -0.576904  0.085938 0.683594 0
main
0  0.116752 -0.046863 -0.079240  0.620851 0.015041 -0.783784  0.066406 0.660156 0
0  0.119308 -0.038134 -0.072189  0.257895 0.725819 -0.637712  0.074219 0.683594 0
0  0.122102 -0.040014 -0.071466  0.830969 0.312178 -0.460474  0.066406 0.683594 0
main
0  0.122758 -0.042722 -0.069441  0.966632 -0.253294 -0.038267  0.054688 0.683594 0
0  0.116752 -0.046863 -0.079240  0.620851 0.015041 -0.783784  0.066406 0.660156 0
0  0.122102 -0.040014 -0.071466  0.830969 0.312178 -0.460474  0.066406 0.683594 0
main
0  0.100267 -0.056574 -0.077224  0.077371 -0.983195 0.165351  0.046875 0.617188 0
0  0.109238 -0.054209 -0.080676  0.368489 -0.748878 -0.550815  0.054688 0.636719 0
0  0.108961 -0.055158 -0.077076  0.295206 -0.943482 0.150651  0.046875 0.636719 0
main
0  0.100902 -0.054395 -0.074383  0.210108 -0.560908 0.800773  0.039062 0.617188 0
0  0.108961 -0.055158 -0.077076  0.295206 -0.943482 0.150651  0.046875 0.636719 0
0  0.107863 -0.053364 -0.074227  0.033740 -0.581403 0.812916  0.039062 0.636719 0
main
0  0.106588 -0.049879 -0.073798  -0.237659 0.147969 0.960012  0.027344 0.636719 0
0  0.100902 -0.054395 -0.074383  0.210108 -0.560908 0.800773  0.039062 0.617188 0
0  0.107863 -0.053364 -0.074227  0.033740 -0.581403 0.812916  0.039062 0.636719 0
main
0  0.105882 -0.046744 -0.076040  -0.354761 0.774047 0.524400  0.019531 0.636719 0
0  0.100877 -0.050800 -0.073845  0.220244 0.231479 0.947581  0.027344 0.617188 0
0  0.106588 -0.049879 -0.073798  -0.237659 0.147969 0.960012  0.027344 0.636719 0
main
0  0.106160 -0.045795 -0.079640  -0.342224 0.916282 0.208113  0.007812 0.636719 0
0  0.100205 -0.047893 -0.075924  0.073345 0.871566 0.484762  0.019531 0.617188 0
0  0.105882 -0.046744 -0.076040  -0.354761 0.774047 0.524400  0.019531 0.636719 0
main
0  0.107258 -0.047589 -0.082489  -0.001330 0.493326 -0.869843  0.074219 0.636719 0
0  0.099281 -0.047379 -0.079402  -0.200745 0.797341 -0.569166  0.085938 0.617188 0
0  0.106160 -0.045795 -0.079640  -0.168996 0.805366 -0.568178  0.085938 0.636719 0
main
0  0.108533 -0.051074 -0.082918  0.251009 -0.187940 -0.949565  0.066406 0.636719 0
0  0.098646 -0.049558 -0.082243  -0.251878 0.452223 -0.855600  0.074219 0.617188 0
0  0.107258 -0.047589 -0.082489  -0.001330 0.493326 -0.869843  0.074219 0.636719 0
main
0  0.099343 -0.056059 -0.080702  -0.098976 -0.843536 -0.527874  0.054688 0.617188 0
0  0.108533 -0.051074 -0.082918  0.251009 -0.187940 -0.949565  0.066406 0.636719 0
0  0.109238 -0.054209 -0.080676  0.368489 -0.748878 -0.550815  0.054688 0.636719 0
main
0  0.087788 -0.053774 -0.068931  -0.144561 -0.932043 0.332261  0.046875 0.578125 0
0  0.091587 -0.055110 -0.076493  -0.433279 -0.821658 -0.370334  0.054688 0.597656 0
0  0.093342 -0.055768 -0.073497  -0.048379 -0.964919 0.258051  0.046875 0.597656 0
main
0  0.095052 -0.053752 -0.071298  0.379646 -0.528670 0.759195  0.039062 0.597656 0
0  0.087788 -0.053774 -0.068931  -0.144561 -0.932043 0.332261  0.046875 0.578125 0
0  0.093342 -0.055768 -0.073497  -0.048379 -0.964919 0.258051  0.046875 0.597656 0
main
0  0.095717 -0.050242 -0.071185  0.569649 0.224400 0.790661  0.027344 0.597656 0
0  0.090400 -0.052050 -0.067492  0.480498 -0.595582 0.643741  0.039062 0.578125 0
0  0.095052 -0.053752 -0.071298  0.379646 -0.528670 0.759195  0.039062 0.597656 0
main
0  0.094947 -0.047295 -0.073224  0.406747 0.839338 0.360650  0.019531 0.597656 0
0  0.091673 -0.048864 -0.067790  0.827629 0.116413 0.549071  0.027344 0.578125 0
0  0.095717 -0.050242 -0.071185  0.569649 0.224400 0.790661  0.027344 0.597656 0
main
0  0.088441 -0.045332 -0.071983  0.388855 0.915595 -0.102364  0.007812 0.578125 0
0  0.094947 -0.047295 -0.073224  0.406747 0.839338 0.360650  0.019531 0.597656 0
0  0.093192 -0.046637 -0.076220  0.231717 0.969927 0.074494  0.007812 0.597656 0
main
0  0.091481 -0.048653 -0.078419  -0.432195 0.486218 -0.759473  0.074219 0.597656 0
0  0.088441 -0.045332 -0.071983  -0.250491 0.813901 -0.524232  0.085938 0.578125 0
0  0.093192 -0.046637 -0.076220  -0.230637 0.799971 -0.553943  0.085938 0.597656 0
main
0  0.090817 -0.052163 -0.078532  -0.584474 -0.240425 -0.774974  0.066406 0.597656 0
0  0.085829 -0.047056 -0.073422  -0.565319 0.526109 -0.635314  0.074219 0.578125 0
0  0.091481 -0.048653 -0.078419  -0.432195 0.486218 -0.759473  0.074219 0.597656 0
main
0  0.085368 -0.053025 -0.071264  -0.657918 -0.736762 -0.155966  0.054688 0.578125 0
0  0.090817 -0.052163 -0.078532  -0.584474 -0.240425 -0.774974  0.066406 0.597656 0
0  0.091587 -0.055110 -0.076493  -0.433279 -0.821658 -0.370334  0.054688 0.597656 0
main
0  0.087788 -0.053774 -0.068931  -0.144561 -0.932043 0.332261  0.046875 0.578125 0
0  0.077791 -0.043839 -0.052987  -0.780425 -0.612611 0.125076  0.054688 0.523438 0
0  0.085368 -0.053025 -0.071264  -0.657918 -0.736762 -0.155966  0.054688 0.578125 0
main
0  0.090400 -0.052050 -0.067492  0.480498 -0.595582 0.643741  0.039062 0.578125 0
0  0.080672 -0.045019 -0.051515  -0.159424 -0.877980 0.451371  0.046875 0.523438 0
0  0.087788 -0.053774 -0.068931  -0.144561 -0.932043 0.332261  0.046875 0.578125 0
main
0  0.091673 -0.048864 -0.067790  0.827629 0.116413 0.549071  0.027344 0.578125 0
0  0.083913 -0.043884 -0.051251  0.562969 -0.643284 0.518895  0.039062 0.523438 0
0  0.090400 -0.052050 -0.067492  0.480498 -0.595582 0.643741  0.039062 0.578125 0
main
0  0.084782 -0.038296 -0.054169  0.773957 0.617951 -0.138299  0.019531 0.523438 0
0  0.091673 -0.048864 -0.067790  0.827629 0.116413 0.549071  0.027344 0.578125 0
0  0.090861 -0.046081 -0.069650  0.629169 0.768520 0.116287  0.019531 0.578125 0
main
0  0.081900 -0.037116 -0.055642  0.495583 0.807210 -0.320639  0.007812 0.523438 0
0  0.090861 -0.046081 -0.069650  0.629169 0.768520 0.116287  0.019531 0.578125 0
0  0.088441 -0.045332 -0.071983  0.388855 0.915595 -0.102364  0.007812 0.578125 0
main
0  0.078659 -0.038251 -0.055906  -0.605064 0.607831 -0.514237  0.074219 0.523438 0
0  0.088441 -0.045332 -0.071983  -0.250491 0.813901 -0.524232  0.085938 0.578125 0
0  0.085829 -0.047056 -0.073422  -0.565319 0.526109 -0.635314  0.074219 0.578125 0
main
0  0.076957 -0.041035 -0.054806  -0.963137 -0.007802 -0.268897  0.066406 0.523438 0
0  0.085829 -0.047056 -0.073422  -0.565319 0.526109 -0.635314  0.074219 0.578125 0
0  0.084556 -0.050242 -0.073124  -0.825129 -0.150138 -0.544629  0.066406 0.578125 0
main
0  0.085368 -0.053025 -0.071264  -0.657918 -0.736762 -0.155966  0.054688 0.578125 0
0  0.076957 -0.041035 -0.054806  -0.963137 -0.007802 -0.268897  0.066406 0.523438 0
0  0.084556 -0.050242 -0.073124  -0.825129 -0.150138 -0.544629  0.066406 0.578125 0
main
0  0.080672 -0.045019 -0.051515  -0.159424 -0.877980 0.451371  0.046875 0.523438 0
0  0.074578 -0.030864 -0.032370  -0.802491 -0.521424 0.290043  0.054688 0.457031 0
0  0.077791 -0.043839 -0.052987  -0.780425 -0.612611 0.125076  0.054688 0.523438 0
main
0  0.083913 -0.043884 -0.051251  0.562969 -0.643284 0.518895  0.039062 0.523438 0
0  0.077496 -0.032160 -0.031078  -0.165058 -0.803517 0.571940  0.046875 0.457031 0
0  0.080672 -0.045019 -0.051515  -0.159424 -0.877980 0.451371  0.046875 0.523438 0
main
0  0.085615 -0.041099 -0.052350  0.961027 -0.023095 0.275488  0.027344 0.523438 0
0  0.080833 -0.031338 -0.031296  0.568184 -0.630108 0.529273  0.039062 0.457031 0
0  0.083913 -0.043884 -0.051251  0.562969 -0.643284 0.518895  0.039062 0.523438 0
main
0  0.081847 -0.026222 -0.034942  0.813052 0.509756 -0.281239  0.019531 0.457031 0
0  0.085615 -0.041099 -0.052350  0.961027 -0.023095 0.275488  0.027344 0.523438 0
0  0.084782 -0.038296 -0.054169  0.773957 0.617951 -0.138299  0.019531 0.523438 0
main
0  0.078930 -0.024925 -0.036234  0.523435 0.714092 -0.464853  0.007812 0.457031 0
0  0.084782 -0.038296 -0.054169  0.773957 0.617951 -0.138299  0.019531 0.523438 0
0  0.081900 -0.037116 -0.055642  0.495583 0.807210 -0.320639  0.007812 0.523438 0
main
0  0.075593 -0.025747 -0.036016  -0.596554 0.612000 -0.519211  0.074219 0.457031 0
0  0.081900 -0.037116 -0.055642  -0.241981 0.814228 -0.527710  0.085938 0.523438 0
0  0.078659 -0.038251 -0.055906  -0.605064 0.607831 -0.514237  0.074219 0.523438 0
main
0  0.073790 -0.028207 -0.034416  -0.985606 0.059245 -0.158340  0.066406 0.457031 0
0  0.078659 -0.038251 -0.055906  -0.605064 0.607831 -0.514237  0.074219 0.523438 0
0  0.076957 -0.041035 -0.054806  -0.963137 -0.007802 -0.268897  0.066406 0.523438 0
main
0  0.077791 -0.043839 -0.052987  -0.780425 -0.612611 0.125076  0.054688 0.523438 0
0  0.073790 -0.028207 -0.034416  -0.985606 0.059245 -0.158340  0.066406 0.457031 0
0  0.076957 -0.041035 -0.054806  -0.963137 -0.007802 -0.268897  0.066406 0.523438 0
main
0  0.077496 -0.032160 -0.031078  -0.165058 -0.803517 0.571940  0.046875 0.457031 0
0  0.073324 -0.016390 -0.015422  -0.809406 -0.439179 0.389850  0.054688 0.398438 0
0  0.074578 -0.030864 -0.032370  -0.802491 -0.521424 0.290043  0.054688 0.457031 0
main
0  0.080833 -0.031338 -0.031296  0.568184 -0.630108 0.529273  0.039062 0.457031 0
0  0.076234 -0.017620 -0.014051  -0.170693 -0.705750 0.687590  0.046875 0.398438 0
0  0.077496 -0.032160 -0.031078  -0.165058 -0.803517 0.571940  0.046875 0.457031 0
main
0  0.082636 -0.028878 -0.032896  0.979650 -0.090159 0.179322  0.027344 0.457031 0
0  0.079591 -0.016989 -0.014493  0.565614 -0.571330 0.594696  0.039062 0.398438 0
0  0.080833 -0.031338 -0.031296  0.568184 -0.630108 0.529273  0.039062 0.457031 0
main
0  0.080669 -0.012498 -0.018871  0.823133 0.425395 -0.376153  0.019531 0.398438 0
0  0.082636 -0.028878 -0.032896  0.979650 -0.090159 0.179322  0.027344 0.457031 0
0  0.081847 -0.026222 -0.034942  0.813052 0.509756 -0.281239  0.019531 0.457031 0
main
0  0.077759 -0.011269 -0.020243  0.533479 0.615705 -0.579920  0.007812 0.398438 0
0  0.081847 -0.026222 -0.034942  0.813052 0.509756 -0.281239  0.019531 0.457031 0
0  0.078930 -0.024925 -0.036234  0.523435 0.714092 -0.464853  0.007812 0.457031 0
main
0  0.074402 -0.011900 -0.019800  -0.587966 0.559330 -0.584333  0.074219 0.398438 0
0  0.078930 -0.024925 -0.036234  -0.228820 0.771472 -0.593693  0.085938 0.457031 0
0  0.075593 -0.025747 -0.036016  -0.596554 0.612000 -0.519211  0.074219 0.457031 0
main
0  0.072565 -0.014021 -0.017804  -0.987698 0.081248 -0.133605  0.066406 0.398438 0
0  0.075593 -0.025747 -0.036016  -0.596554 0.612000 -0.519211  0.074219 0.457031 0
0  0.073790 -0.028207 -0.034416  -0.985606 0.059245 -0.158340  0.066406 0.457031 0
main
0  0.074578 -0.030864 -0.032370  -0.802491 -0.521424 0.290043  0.054688 0.457031 0
0  0.072565 -0.014021 -0.017804  -0.987698 0.081248 -0.133605  0.066406 0.398438 0
0  0.073790 -0.028207 -0.034416  -0.985606 0.059245 -0.158340  0.066406 0.457031 0
main
0  0.075866 -0.004185 -0.002278  -0.172978 -0.625771 0.760585  0.046875 0.351562 0
0  0.073324 -0.016390 -0.015422  -0.809406 -0.439179 0.389850  0.054688 0.398438 0
0  0.076234 -0.017620 -0.014051  -0.170693 -0.705750 0.687590  0.046875 0.398438 0
main
0  0.079591 -0.016989 -0.014493  0.565614 -0.571330 0.594696  0.039062 0.398438 0
0  0.075866 -0.004185 -0.002278  -0.172978 -0.625771 0.760585  0.046875 0.351562 0
0  0.076234 -0.017620 -0.014051  -0.170693 -0.705750 0.687590  0.046875 0.398438 0
main
0  0.081428 -0.014867 -0.016490  0.981586 -0.106824 0.158361  0.027344 0.398438 0
0  0.079228 -0.003680 -0.002835  0.569611 -0.516005 0.639751  0.039062 0.351562 0
0  0.079591 -0.016989 -0.014493  0.565614 -0.571330 0.594696  0.039062 0.398438 0
main
0  0.080669 -0.012498 -0.018871  0.823133 0.425395 -0.376153  0.019531 0.398438 0
0  0.081073 -0.001820 -0.005070  0.983606 -0.105600 0.146176  0.027344 0.351562 0
0  0.081428 -0.014867 -0.016490  0.981586 -0.106824 0.158361  0.027344 0.398438 0
main
0  0.077759 -0.011269 -0.020243  0.533479 0.615705 -0.579920  0.007812 0.398438 0
0  0.080322 0.000305 -0.007674  0.820985 0.369129 -0.435577  0.019531 0.351562 0
0  0.080669 -0.012498 -0.018871  0.823133 0.425395 -0.376153  0.019531 0.398438 0
main
0  0.074054 0.000946 -0.008565  -0.579776 0.511994 -0.633815  0.074219 0.351562 0
0  0.077759 -0.011269 -0.020243  -0.220576 0.687766 -0.691609  0.085938 0.398438 0
0  0.074402 -0.011900 -0.019800  -0.587966 0.559330 -0.584333  0.074219 0.398438 0
main
0  0.072208 -0.000914 -0.006330  -0.986367 0.095690 -0.133877  0.066406 0.351562 0
0  0.074402 -0.011900 -0.019800  -0.587966 0.559330 -0.584333  0.074219 0.398438 0
0  0.072565 -0.014021 -0.017804  -0.987698 0.081248 -0.133605  0.066406 0.398438 0
main
0  0.072959 -0.003040 -0.003726  -0.815155 -0.374180 0.442167  0.054688 0.351562 0
0  0.072565 -0.014021 -0.017804  -0.987698 0.081248 -0.133605  0.066406 0.398438 0
0  0.073324 -0.016390 -0.015422  -0.809406 -0.439179 0.389850  0.054688 0.398438 0
main
0  0.075847 0.005037 0.004785  -0.175616 -0.665432 0.725507  0.046875 0.316406 0
0  0.072959 -0.003040 -0.003726  -0.815155 -0.374180 0.442167  0.054688 0.351562 0
0  0.075866 -0.004185 -0.002278  -0.172978 -0.625771 0.760585  0.046875 0.351562 0
main
0  0.079228 -0.003680 -0.002835  0.569611 -0.516005 0.639751  0.039062 0.351562 0
0  0.075847 0.005037 0.004785  -0.175616 -0.665432 0.725507  0.046875 0.316406 0
0  0.075866 -0.004185 -0.002278  -0.172978 -0.625771 0.760585  0.046875 0.351562 0
main
0  0.081073 -0.001820 -0.005070  0.983606 -0.105600 0.146176  0.027344 0.351562 0
0  0.079208 0.005553 0.004237  0.585413 -0.548218 0.597285  0.039062 0.316406 0
0  0.079228 -0.003680 -0.002835  0.569611 -0.516005 0.639751  0.039062 0.351562 0
main
0  0.080322 0.000305 -0.007674  0.820985 0.369129 -0.435577  0.019531 0.351562 0
0  0.081052 0.007541 0.002114  0.988716 -0.100738 0.110871  0.027344 0.316406 0
0  0.081073 -0.001820 -0.005070  0.983606 -0.105600 0.146176  0.027344 0.351562 0
main
0  0.077415 0.001451 -0.009121  0.535738 0.540241 -0.648941  0.007812 0.351562 0
0  0.080300 0.009836 -0.000341  0.806402 0.406095 -0.429888  0.019531 0.316406 0
0  0.080322 0.000305 -0.007674  0.820985 0.369129 -0.435577  0.019531 0.351562 0
main
0  0.074031 0.010578 -0.001143  -0.563507 0.566821 -0.600977  0.074219 0.316406 0
0  0.077415 0.001451 -0.009121  -0.217803 0.617496 -0.755817  0.085938 0.351562 0
0  0.074054 0.000946 -0.008565  -0.579776 0.511994 -0.633815  0.074219 0.351562 0
main
0  0.072186 0.008590 0.000980  -0.980970 0.132597 -0.141832  0.066406 0.316406 0
0  0.074054 0.000946 -0.008565  -0.579776 0.511994 -0.633815  0.074219 0.351562 0
0  0.072208 -0.000914 -0.006330  -0.986367 0.095690 -0.133877  0.066406 0.351562 0
main
0  0.072938 0.006295 0.003436  -0.828158 -0.380446 0.411601  0.054688 0.316406 0
0  0.072208 -0.000914 -0.006330  -0.986367 0.095690 -0.133877  0.066406 0.351562 0
0  0.072959 -0.003040 -0.003726  -0.815155 -0.374180 0.442167  0.054688 0.351562 0
main
0  0.075847 0.009099 0.009232  -0.183494 -0.869176 0.459197  0.046875 0.296875 0
0  0.072938 0.006295 0.003436  -0.828158 -0.380446 0.411601  0.054688 0.316406 0
0  0.075847 0.005037 0.004785  -0.175616 -0.665432 0.725507  0.046875 0.316406 0
main
0  0.079208 0.005553 0.004237  0.585413 -0.548218 0.597285  0.039062 0.316406 0
0  0.075847 0.009099 0.009232  -0.183494 -0.869176 0.459197  0.046875 0.296875 0
0  0.075847 0.005037 0.004785  -0.175616 -0.665432 0.725507  0.046875 0.316406 0
main
0  0.081052 0.007541 0.002114  0.988716 -0.100738 0.110871  0.027344 0.316406 0
0  0.079208 0.009767 0.008884  0.606628 -0.703524 0.370210  0.039062 0.296875 0
0  0.079208 0.005553 0.004237  0.585413 -0.548218 0.597285  0.039062 0.316406 0
main
0  0.080300 0.009836 -0.000341  0.806402 0.406095 -0.429888  0.019531 0.316406 0
0  0.081053 0.012347 0.007542  0.993551 -0.100316 0.052844  0.027344 0.296875 0
0  0.081052 0.007541 0.002114  0.988716 -0.100738 0.110871  0.027344 0.316406 0
main
0  0.077392 0.011094 -0.001690  0.534619 0.580630 -0.614045  0.007812 0.316406 0
0  0.080300 0.015329 0.005991  0.791556 0.543477 -0.279411  0.019531 0.296875 0
0  0.080300 0.009836 -0.000341  0.806402 0.406095 -0.429888  0.019531 0.316406 0
main
0  0.074030 0.016297 0.005487  -0.550113 0.742665 -0.381868  0.074219 0.296875 0
0  0.077392 0.011094 -0.001690  -0.217834 0.670747 -0.708976  0.085938 0.316406 0
0  0.074031 0.010578 -0.001143  -0.563507 0.566821 -0.600977  0.074219 0.316406 0
main
0  0.072186 0.013717 0.006829  -0.974011 0.201535 -0.103370  0.066406 0.296875 0
0  0.074031 0.010578 -0.001143  -0.563507 0.566821 -0.600977  0.074219 0.316406 0
0  0.072186 0.008590 0.000980  -0.980970 0.132597 -0.141832  0.066406 0.316406 0
main
0  0.072939 0.010735 0.008381  -0.846871 -0.471053 0.246815  0.054688 0.296875 0
0  0.072186 0.008590 0.000980  -0.980970 0.132597 -0.141832  0.066406 0.316406 0
0  0.072938 0.006295 0.003436  -0.828158 -0.380446 0.411601  0.054688 0.316406 0
main
0  0.075847 0.009099 0.009232  -0.183494 -0.869176 0.459197  0.046875 0.296875 0
0  0.072939 0.012618 0.016212  -0.837399 -0.531527 0.127446  0.054688 0.273438 0
0  0.072939 0.010735 0.008381  -0.846871 -0.471053 0.246815  0.054688 0.296875 0
main
0  0.079208 0.011527 0.016226  0.592354 -0.783522 0.187642  0.039062 0.273438 0
0  0.075847 0.009099 0.009232  -0.183494 -0.869176 0.459197  0.046875 0.296875 0
0  0.079208 0.009767 0.008884  0.606628 -0.703524 0.370210  0.039062 0.296875 0
main
0  0.081053 0.014435 0.016188  0.992655 -0.117675 0.028098  0.027344 0.273438 0
0  0.079208 0.009767 0.008884  0.606628 -0.703524 0.370210  0.039062 0.296875 0
0  0.081053 0.012347 0.007542  0.993551 -0.100316 0.052844  0.027344 0.296875 0
main
0  0.080300 0.017796 0.016144  0.784886 0.602147 -0.146195  0.019531 0.273438 0
0  0.081053 0.012347 0.007542  0.993551 -0.100316 0.052844  0.027344 0.296875 0
0  0.080300 0.015329 0.005991  0.791556 0.543477 -0.279411  0.019531 0.296875 0
main
0  0.077391 0.019640 0.016120  0.525376 0.826787 -0.201007  0.007812 0.273438 0
0  0.080300 0.015329 0.005991  0.791556 0.543477 -0.279411  0.019531 0.296875 0
0  0.077391 0.016965 0.005140  0.535414 0.751154 -0.386135  0.007812 0.296875 0
main
0  0.074030 0.016297 0.005487  -0.550113 0.742665 -0.381868  0.074219 0.296875 0
0  0.077391 0.019640 0.016120  -0.213207 0.949291 -0.231063  0.085938 0.273438 0
0  0.077391 0.016965 0.005140  -0.218551 0.867944 -0.445991  0.085938 0.296875 0
main
0  0.072186 0.013717 0.006829  -0.974011 0.201535 -0.103370  0.066406 0.296875 0
0  0.074030 0.018887 0.016130  -0.541063 0.817188 -0.198633  0.074219 0.273438 0
0  0.074030 0.016297 0.005487  -0.550113 0.742665 -0.381868  0.074219 0.296875 0
main
0  0.072939 0.010735 0.008381  -0.846871 -0.471053 0.246815  0.054688 0.296875 0
0  0.072186 0.015979 0.016168  -0.973457 0.222407 -0.054001  0.066406 0.273438 0
0  0.072186 0.013717 0.006829  -0.974011 0.201535 -0.103370  0.066406 0.296875 0
main
0  0.109238 -0.054209 -0.080676  0.368489 -0.748878 -0.550815  0.054688 0.636719 0
0  0.116752 -0.046863 -0.079240  0.620851 0.015041 -0.783784  0.066406 0.660156 0
0  0.117409 -0.049783 -0.077134  0.747251 -0.547432 -0.376740  0.054688 0.660156 0
main
0  0.108533 -0.051074 -0.082918  0.251009 -0.187940 -0.949565  0.066406 0.636719 0
0  0.114544 -0.044070 -0.079158  0.182346 0.597202 -0.781088  0.074219 0.660156 0
0  0.116752 -0.046863 -0.079240  0.620851 0.015041 -0.783784  0.066406 0.660156 0
main
0  0.114544 -0.044070 -0.079158  0.182346 0.597202 -0.781088  0.074219 0.660156 0
0  0.106160 -0.045795 -0.079640  -0.168996 0.805366 -0.568178  0.085938 0.636719 0
0  0.112078 -0.043039 -0.076936  -0.157894 0.818050 -0.553049  0.085938 0.660156 0
main
0  0.112078 -0.043039 -0.076936  -0.630491 0.772395 0.076728  0.007812 0.660156 0
0  0.105882 -0.046744 -0.076040  -0.354761 0.774047 0.524400  0.019531 0.636719 0
0  0.110799 -0.044374 -0.073875  -0.728041 0.583483 0.359867  0.019531 0.660156 0
main
0  0.110799 -0.044374 -0.073875  -0.728041 0.583483 0.359867  0.019531 0.660156 0
0  0.106588 -0.049879 -0.073798  -0.237659 0.147969 0.960012  0.027344 0.636719 0
0  0.111456 -0.047293 -0.071768  -0.585050 -0.046784 0.809647  0.027344 0.660156 0
main
0  0.106588 -0.049879 -0.073798  -0.237659 0.147969 0.960012  0.027344 0.636719 0
0  0.113664 -0.050087 -0.071850  -0.052576 -0.635804 0.770058  0.039062 0.660156 0
0  0.111456 -0.047293 -0.071768  -0.585050 -0.046784 0.809647  0.027344 0.660156 0
main
0  0.107863 -0.053364 -0.074227  0.033740 -0.581403 0.812916  0.039062 0.636719 0
0  0.116130 -0.051118 -0.074073  0.503554 -0.828129 0.246243  0.046875 0.660156 0
0  0.113664 -0.050087 -0.071850  -0.052576 -0.635804 0.770058  0.039062 0.660156 0
main
0  0.116130 -0.051118 -0.074073  0.503554 -0.828129 0.246243  0.046875 0.660156 0
0  0.109238 -0.054209 -0.080676  0.368489 -0.748878 -0.550815  0.054688 0.636719 0
0  0.117409 -0.049783 -0.077134  0.747251 -0.547432 -0.376740  0.054688 0.660156 0
main
0  0.099343 -0.056059 -0.080702  -0.098976 -0.843536 -0.527874  0.054688 0.617188 0
0  0.090817 -0.052163 -0.078532  -0.584474 -0.240425 -0.774974  0.066406 0.597656 0
0  0.098672 -0.053153 -0.082781  -0.231243 -0.268305 -0.935168  0.066406 0.617188 0
main
0  0.090817 -0.052163 -0.078532  -0.584474 -0.240425 -0.774974  0.066406 0.597656 0
0  0.098646 -0.049558 -0.082243  -0.251878 0.452223 -0.855600  0.074219 0.617188 0
0  0.098672 -0.053153 -0.082781  -0.231243 -0.268305 -0.935168  0.066406 0.617188 0
main
0  0.091481 -0.048653 -0.078419  -0.432195 0.486218 -0.759473  0.074219 0.597656 0
0  0.099281 -0.047379 -0.079402  -0.200745 0.797341 -0.569166  0.085938 0.617188 0
0  0.098646 -0.049558 -0.082243  -0.251878 0.452223 -0.855600  0.074219 0.617188 0
main
0  0.093192 -0.046637 -0.076220  0.231717 0.969927 0.074494  0.007812 0.597656 0
0  0.100205 -0.047893 -0.075924  0.073345 0.871566 0.484762  0.019531 0.617188 0
0  0.099281 -0.047379 -0.079402  -0.022761 0.988107 0.152074  0.007812 0.617188 0
main
0  0.094947 -0.047295 -0.073224  0.406747 0.839338 0.360650  0.019531 0.597656 0
0  0.100877 -0.050800 -0.073845  0.220244 0.231479 0.947581  0.027344 0.617188 0
0  0.100205 -0.047893 -0.075924  0.073345 0.871566 0.484762  0.019531 0.617188 0
main
0  0.100877 -0.050800 -0.073845  0.220244 0.231479 0.947581  0.027344 0.617188 0
0  0.095052 -0.053752 -0.071298  0.379646 -0.528670 0.759195  0.039062 0.597656 0
0  0.100902 -0.054395 -0.074383  0.210108 -0.560908 0.800773  0.039062 0.617188 0
main
0  0.100902 -0.054395 -0.074383  0.210108 -0.560908 0.800773  0.039062 0.617188 0
0  0.093342 -0.055768 -0.073497  -0.048379 -0.964919 0.258051  0.046875 0.597656 0
0  0.100267 -0.056574 -0.077224  0.077371 -0.983195 0.165351  0.046875 0.617188 0
main
0  0.100267 -0.056574 -0.077224  0.077371 -0.983195 0.165351  0.046875 0.617188 0
0  0.091587 -0.055110 -0.076493  -0.433279 -0.821658 -0.370334  0.054688 0.597656 0
0  0.099343 -0.056059 -0.080702  -0.098976 -0.843536 -0.527874  0.054688 0.617188 0
main
0  0.052250 -0.024821 0.081205  1.000000 -0.000000 0.000000  0.304688 0.460938 0
0  0.052250 0.001654 0.137618  1.000000 -0.000000 0.000000  0.351562 0.566406 0
0  0.052250 -0.024821 0.137618  1.000000 0.000000 0.000000  0.304688 0.566406 0
main
0  0.107757 0.054439 0.090862  0.000000 -1.000000 -0.000000  0.355469 0.308594 0
0  0.131159 0.054439 0.064529  0.000000 -1.000000 -0.000000  0.300781 0.367188 0
0  0.131159 0.054439 0.090862  0.000000 -1.000000 0.000000  0.300781 0.308594 0
main
0  0.107757 0.054439 0.090862  0.707107 0.000000 -0.707107  0.132812 0.371094 0
0  0.107757 0.024069 0.064529  0.827933 0.000000 0.560827  0.203125 0.429688 0
0  0.107757 0.054439 0.064529  0.707107 0.000000 0.707107  0.132812 0.429688 0
main
0  0.107757 0.054439 0.090862  0.707107 0.000000 -0.707107  0.132812 0.371094 0
0  0.131159 0.037060 0.090862  0.000000 0.000000 -1.000000  0.171875 0.316406 0
0  0.107757 0.024069 0.090862  0.827933 0.000000 -0.560827  0.203125 0.371094 0
main
0  0.107757 0.054439 0.064529  0.707107 0.000000 0.707107  0.132812 0.429688 0
0  0.131159 0.037060 0.064529  -0.000000 0.000000 1.000000  0.171875 0.484375 0
0  0.131159 0.054439 0.064529  0.000000 0.000000 1.000000  0.132812 0.484375 0
main
0  0.107757 0.024069 0.064529  -0.000000 -1.000000 -0.000000  0.285156 0.554688 0
0  0.100176 0.024069 0.058458  -0.000000 -1.000000 -0.000000  0.296875 0.566406 0
0  0.107757 0.024069 0.058458  0.000000 -1.000000 -0.000001  0.285156 0.566406 0
main
0  0.107757 0.024069 0.096934  0.000000 0.000000 1.000000  0.226562 0.484375 0
0  0.100176 0.061125 0.096934  0.000000 0.000000 1.000000  0.207031 0.570312 0
0  0.100176 0.024069 0.096934  0.000000 0.000000 1.000000  0.207031 0.484375 0
main
0  0.100176 0.061125 0.058458  -0.000000 0.000000 -1.000000  0.203125 0.570312 0
0  0.107757 0.024069 0.058458  -0.000000 0.000000 -1.000000  0.183594 0.484375 0
0  0.100176 0.024069 0.058458  0.000000 0.000000 -1.000000  0.203125 0.484375 0
main
0  0.107757 0.024069 0.064529  -0.000000 -1.000000 -0.000000  0.285156 0.554688 0
0  0.100176 0.024069 0.096934  -0.000000 -1.000000 -0.000000  0.296875 0.492188 0
0  0.100176 0.024069 0.058458  -0.000000 -1.000000 -0.000000  0.296875 0.566406 0
main
0  0.107757 0.024069 0.096934  0.000000 -1.000000 0.000000  0.285156 0.492188 0
0  0.100176 0.024069 0.096934  -0.000000 -1.000000 -0.000000  0.296875 0.492188 0
0  0.107757 0.024069 0.090862  -0.000000 -1.000000 -0.000000  0.285156 0.503906 0
main
0  0.131159 0.061125 0.058458  1.000000 0.000001 0.000000  0.207031 0.445312 0
0  0.131159 0.054439 0.090862  1.000000 0.000001 0.000000  0.218750 0.382812 0
0  0.131159 0.054439 0.064529  1.000000 0.000000 0.000000  0.218750 0.433594 0
main
0  0.107757 0.024069 0.090862  0.485355 -0.874317 0.000000  0.445312 0.320312 0
0  0.131159 0.037060 0.096934  0.485354 -0.874318 0.000000  0.386719 0.308594 0
0  0.107757 0.024069 0.096934  0.485355 -0.874317 0.000000  0.445312 0.308594 0
main
0  0.100176 0.061125 0.058458  -0.000000 0.000000 -1.000000  0.203125 0.570312 0
0  0.131159 0.037060 0.058458  -0.000000 0.000000 -1.000000  0.132812 0.515625 0
0  0.107757 0.024069 0.058458  -0.000000 0.000000 -1.000000  0.183594 0.484375 0
main
0  0.131159 0.037060 0.096934  1.000000 0.000000 0.000000  0.253906 0.371094 0
0  0.131159 0.054439 0.090862  1.000000 0.000001 0.000000  0.218750 0.382812 0
0  0.131159 0.061125 0.096934  1.000000 0.000001 0.000000  0.207031 0.371094 0
main
0  0.100176 0.061125 0.096934  0.000000 0.000000 1.000000  0.207031 0.570312 0
0  0.131159 0.037060 0.096934  0.000000 0.000000 1.000000  0.277344 0.515625 0
0  0.131159 0.061125 0.096934  0.000000 0.000000 1.000000  0.277344 0.570312 0
main
0  0.107757 0.024069 0.064529  0.485354 -0.874318 -0.000001  0.445312 0.324219 0
0  0.131159 0.037060 0.058458  0.485354 -0.874318 -0.000000  0.386719 0.335938 0
0  0.131159 0.037060 0.064529  0.485354 -0.874318 0.000000  0.386719 0.324219 0
main
0  0.131159 0.037060 0.058458  1.000000 0.000000 0.000000  0.253906 0.445312 0
0  0.131159 0.054439 0.064529  1.000000 0.000000 0.000000  0.218750 0.433594 0
0  0.131159 0.037060 0.064529  1.000000 0.000000 0.000000  0.253906 0.433594 0
main
0  0.119519 0.048120 0.083980  -0.000031 -0.609999 0.792402  0.214844 0.324219 0
0  0.114077 0.048120 0.074553  -0.686245 -0.609995 -0.396200  0.238281 0.335938 0
0  0.119519 0.048120 0.071411  -0.000031 -0.609998 -0.792403  0.230469 0.351562 0
main
0  0.114077 0.048120 0.074553  -0.686245 -0.609995 -0.396200  0.238281 0.335938 0
0  0.119519 0.054621 0.071411  -0.500007 0.000000 -0.866022  0.242188 0.355469 0
0  0.119519 0.048120 0.071411  -0.000031 -0.609998 -0.792403  0.230469 0.351562 0
main
0  0.114077 0.054621 0.080838  -1.000000 0.000000 0.000000  0.242188 0.316406 0
0  0.114077 0.048120 0.074553  -0.686245 -0.609995 -0.396200  0.238281 0.335938 0
0  0.114077 0.048120 0.080838  -0.686244 -0.609995 0.396200  0.230469 0.324219 0
main
0  0.124962 0.048120 0.074553  0.686233 -0.609989 -0.396230  0.214844 0.351562 0
0  0.119519 0.048120 0.083980  -0.000031 -0.609999 0.792402  0.214844 0.324219 0
0  0.119519 0.048120 0.071411  -0.000031 -0.609998 -0.792403  0.230469 0.351562 0
main
0  0.119519 0.048120 0.071411  -0.000031 -0.609998 -0.792403  0.230469 0.351562 0
0  0.124962 0.054621 0.074553  0.499938 0.000000 -0.866061  0.214844 0.363281 0
0  0.124962 0.048120 0.074553  0.686233 -0.609989 -0.396230  0.214844 0.351562 0
main
0  0.119519 0.048120 0.083980  -0.000031 -0.609999 0.792402  0.214844 0.324219 0
0  0.114077 0.054621 0.080838  -0.500006 0.000000 0.866022  0.230469 0.308594 0
0  0.114077 0.048120 0.080838  -0.686244 -0.609995 0.396200  0.230469 0.324219 0
main
0  0.124962 0.048120 0.074553  0.686233 -0.609989 -0.396230  0.214844 0.351562 0
0  0.124962 0.054621 0.080838  1.000000 0.000000 0.000000  0.195312 0.343750 0
0  0.124962 0.048120 0.080838  0.686232 -0.609989 0.396230  0.207031 0.335938 0
main
0  0.119519 0.048120 0.083980  -0.000031 -0.609999 0.792402  0.214844 0.324219 0
0  0.124962 0.054621 0.080838  0.499938 0.000000 0.866061  0.195312 0.328125 0
0  0.119519 0.054621 0.083980  0.499938 0.000000 0.866061  0.203125 0.316406 0
main
0  0.100176 0.001654 0.016239  -0.000000 -1.000000 -0.000000  0.449219 0.343750 0
0  0.052250 0.001654 0.037077  -0.000000 -1.000000 -0.000000  0.359375 0.382812 0
0  0.052250 0.001654 0.016239  0.000000 -1.000000 -0.000000  0.359375 0.343750 0
main
0  0.042896 0.014178 0.016239  0.003609 -0.856386 -0.516323  0.796997 0.678817 0
0  0.052250 0.014234 0.016239  0.005125 -0.856079 -0.516819  0.817994 0.678817 0
0  0.052250 0.001654 0.037077  -0.000535 -0.857237 -0.514922  0.817994 0.733410 0
main
0  0.034704 0.014178 0.024431  -0.000000 -1.000000 -0.000000  0.121094 0.574219 0
0  -0.090822 0.014178 0.016239  0.000000 -1.000000 -0.000000  0.476562 0.597656 0
0  0.042896 0.014178 0.016239  -0.000000 -1.000000 -0.000000  0.101562 0.597656 0
main
0  0.034704 0.014178 0.120072  0.000000 -1.000000 0.000000  0.121094 0.304688 0
0  -0.090822 0.014178 0.128264  -0.000000 -1.000000 -0.000000  0.476562 0.281250 0
0  -0.082630 0.014178 0.120072  -0.000000 -1.000000 -0.000000  0.453125 0.304688 0
main
0  0.034704 0.014178 0.024431  -0.000000 -1.000000 -0.000000  0.121094 0.574219 0
0  0.042896 0.014178 0.128264  0.000000 -1.000000 0.000000  0.101562 0.281250 0
0  0.034704 0.014178 0.120072  0.000000 -1.000000 0.000000  0.121094 0.304688 0
main
0  -0.082630 0.014178 0.024431  0.000000 -1.000000 -0.000000  0.453125 0.574219 0
0  -0.090822 0.014178 0.128264  -0.000000 -1.000000 -0.000000  0.476562 0.281250 0
0  -0.090822 0.014178 0.016239  0.000000 -1.000000 -0.000000  0.476562 0.597656 0
screen
0  -0.076633 0.009622 0.113798  -0.295288 -0.912056 0.284532  -0.030382 0.914062 0
0  0.034704 0.014178 0.120072  0.327946 -0.884104 0.332882  1.086806 0.976562 0
0  -0.082630 0.014178 0.120072  -0.326810 -0.885393 0.330566  -0.088975 0.976562 0
screen
0  0.028790 0.009622 0.030123  0.295710 -0.905312 -0.304902  1.028212 0.078125 0
0  0.028790 0.009622 0.113798  0.298277 -0.911192 0.284184  1.028212 0.914062 0
0  0.020423 0.006417 0.105431  0.137900 -0.980799 0.137900  0.942275 0.832031 0
screen
0  0.034704 0.014178 0.024431  0.344836 -0.874321 -0.341540  1.086806 0.019531 0
0  0.028790 0.009622 0.030123  0.295710 -0.905312 -0.304902  1.028212 0.078125 0
0  -0.076633 0.009622 0.030123  -0.292752 -0.906146 -0.305281  -0.030382 0.078125 0
screen
0  -0.068266 0.006417 0.038489  -0.137897 -0.980797 -0.137918  0.055556 0.160156 0
0  0.020423 0.006417 0.038489  0.137897 -0.980797 -0.137918  0.942275 0.160156 0
0  0.020423 0.006417 0.105431  0.137900 -0.980799 0.137900  0.942275 0.832031 0
screen
0  0.028790 0.009622 0.113798  0.298277 -0.911192 0.284184  1.028212 0.914062 0
0  0.028790 0.009622 0.030123  0.295710 -0.905312 -0.304902  1.028212 0.078125 0
0  0.034704 0.014178 0.024431  0.344836 -0.874321 -0.341540  1.086806 0.019531 0
screen
0  -0.076633 0.009622 0.113798  -0.295288 -0.912056 0.284532  -0.030382 0.914062 0
0  -0.068266 0.006417 0.105431  -0.137900 -0.980799 0.137900  0.055556 0.832031 0
0  0.020423 0.006417 0.105431  0.137900 -0.980799 0.137900  0.942275 0.832031 0
screen
0  -0.082630 0.014178 0.024431  -0.343537 -0.875797 -0.339061  -0.088975 0.019531 0
0  -0.076633 0.009622 0.030123  -0.292752 -0.906146 -0.305281  -0.030382 0.078125 0
0  -0.076633 0.009622 0.113798  -0.295288 -0.912056 0.284532  -0.030382 0.914062 0
screen
0  -0.076633 0.009622 0.030123  -0.292752 -0.906146 -0.305281  -0.030382 0.078125 0
0  -0.068266 0.006417 0.038489  -0.137897 -0.980797 -0.137918  0.055556 0.160156 0
0  -0.068266 0.006417 0.105431  -0.137900 -0.980799 0.137900  0.055556 0.832031 0
screen
0  -0.076633 0.009622 0.030123  -0.292752 -0.906146 -0.305281  -0.030382 0.078125 0
0  0.028790 0.009622 0.030123  0.295710 -0.905312 -0.304902  1.028212 0.078125 0
0  0.020423 0.006417 0.038489  0.137897 -0.980797 -0.137918  0.942275 0.160156 0
main
0  0.100176 0.022492 0.016239  -0.000000 -0.707105 -0.707108  0.457031 0.804688 0
0  0.100176 0.001654 0.016239  -0.000000 0.000000 -1.000000  0.457031 0.843750 0
0  0.052250 0.014234 0.016239  -0.000000 0.000000 -1.000000  0.367188 0.820312 0
main
0  0.079349 -0.009714 0.025526  0.713621 -0.695556 0.083347  0.046875 0.992188 0
0  0.079646 -0.010065 0.020062  0.674805 -0.705337 0.217111  0.046875 0.976562 0
0  0.080955 -0.006880 0.019986  0.979340 0.027624 0.200324  0.054688 0.976562 0
main
0  0.076202 -0.011058 0.025253  0.017891 -0.997711 0.065220  0.039062 0.992188 0
0  0.076522 -0.011427 0.019560  -0.041499 -0.994122 0.099996  0.039062 0.976562 0
0  0.079646 -0.010065 0.020062  0.674805 -0.705337 0.217111  0.046875 0.976562 0
main
0  0.073064 -0.009777 0.024763  -0.697824 -0.716243 0.006135  0.027344 0.992188 0
0  0.073414 -0.010168 0.018775  -0.717791 -0.692311 -0.074034  0.027344 0.976562 0
0  0.076522 -0.011427 0.019560  -0.041499 -0.994122 0.099996  0.039062 0.976562 0
main
0  0.071772 -0.006620 0.024343  -0.998245 -0.006096 -0.058899  0.019531 0.992188 0
0  0.072142 -0.007026 0.018167  -0.978988 -0.006408 -0.203819  0.019531 0.976562 0
0  0.073414 -0.010168 0.018775  -0.717791 -0.692311 -0.074034  0.027344 0.976562 0
main
0  0.073451 -0.003841 0.018091  -0.902315 0.365488 -0.228572  0.007812 0.976562 0
0  0.072142 -0.007026 0.018167  -0.978988 -0.006408 -0.203819  0.019531 0.976562 0
0  0.071772 -0.006620 0.024343  -0.998245 -0.006096 -0.058899  0.019531 0.992188 0
main
0  0.076574 -0.002479 0.018593  -0.028393 0.992997 -0.114675  0.074219 0.976562 0
0  0.073451 -0.003841 0.018091  -0.369381 0.912240 -0.177134  0.085938 0.976562 0
0  0.073084 -0.003437 0.024239  -0.385937 0.918815 -0.082657  0.085938 0.992188 0
main
0  0.079682 -0.003738 0.019378  0.672651 0.737581 0.059295  0.066406 0.976562 0
0  0.076574 -0.002479 0.018593  -0.028393 0.992997 -0.114675  0.074219 0.976562 0
0  0.076231 -0.002093 0.024512  0.014171 0.997825 -0.064375  0.074219 0.992188 0
main
0  0.080955 -0.006880 0.019986  0.979340 0.027624 0.200324  0.054688 0.976562 0
0  0.079682 -0.003738 0.019378  0.672651 0.737581 0.059295  0.066406 0.976562 0
0  0.079370 -0.003375 0.025001  0.718278 0.695735 -0.005457  0.066406 0.992188 0
main
0  0.085535 -0.012549 0.004251  0.609193 -0.665925 0.430613  0.046875 0.925781 0
0  0.086826 -0.009356 0.004230  0.902668 0.060332 0.426088  0.054688 0.925781 0
0  0.080955 -0.006880 0.019986  0.979340 0.027624 0.200324  0.054688 0.976562 0
main
0  0.082621 -0.014005 0.003134  -0.052137 -0.983406 0.173764  0.039062 0.925781 0
0  0.085535 -0.012549 0.004251  0.609193 -0.665925 0.430613  0.046875 0.925781 0
0  0.079646 -0.010065 0.020062  0.674805 -0.705337 0.217111  0.046875 0.976562 0
main
0  0.079789 -0.012872 0.001534  -0.674470 -0.715676 -0.181379  0.027344 0.925781 0
0  0.082621 -0.014005 0.003134  -0.052137 -0.983406 0.173764  0.039062 0.925781 0
0  0.076522 -0.011427 0.019560  -0.041499 -0.994122 0.099996  0.039062 0.976562 0
main
0  0.078700 -0.009812 0.000388  -0.902994 -0.041536 -0.427642  0.019531 0.925781 0
0  0.079789 -0.012872 0.001534  -0.674470 -0.715676 -0.181379  0.027344 0.925781 0
0  0.073414 -0.010168 0.018775  -0.717791 -0.692311 -0.074034  0.027344 0.976562 0
main
0  0.073451 -0.003841 0.018091  -0.902315 0.365488 -0.228572  0.007812 0.976562 0
0  0.079990 -0.006619 0.000367  -0.822623 0.329251 -0.463558  0.007812 0.925781 0
0  0.078700 -0.009812 0.000388  -0.902994 -0.041536 -0.427642  0.019531 0.925781 0
main
0  0.076574 -0.002479 0.018593  -0.028393 0.992997 -0.114675  0.074219 0.976562 0
0  0.082905 -0.005162 0.001484  0.011377 0.981193 -0.192693  0.074219 0.925781 0
0  0.079990 -0.006619 0.000367  -0.316711 0.888299 -0.332594  0.085938 0.925781 0
main
0  0.079682 -0.003738 0.019378  0.672651 0.737581 0.059295  0.066406 0.976562 0
0  0.085736 -0.006296 0.003084  0.646461 0.745411 0.162638  0.066406 0.925781 0
0  0.082905 -0.005162 0.001484  0.011377 0.981193 -0.192693  0.074219 0.925781 0
main
0  0.080955 -0.006880 0.019986  0.979340 0.027624 0.200324  0.054688 0.976562 0
0  0.086826 -0.009356 0.004230  0.902668 0.060332 0.426088  0.054688 0.925781 0
0  0.085736 -0.006296 0.003084  0.646461 0.745411 0.162638  0.066406 0.925781 0
main
0  0.097583 -0.017522 -0.015446  0.559107 -0.626253 0.543330  0.046875 0.859375 0
0  0.098935 -0.014357 -0.015577  0.855970 0.082985 0.510323  0.054688 0.859375 0
0  0.086826 -0.009356 0.004230  0.902668 0.060332 0.426088  0.054688 0.925781 0
main
0  0.094769 -0.019024 -0.016744  -0.071792 -0.964932 0.252493  0.039062 0.859375 0
0  0.097583 -0.017522 -0.015446  0.559107 -0.626253 0.543330  0.046875 0.859375 0
0  0.085535 -0.012549 0.004251  0.609193 -0.665925 0.430613  0.046875 0.925781 0
main
0  0.092139 -0.017983 -0.018710  -0.659442 -0.727712 -0.188607  0.027344 0.859375 0
0  0.094769 -0.019024 -0.016744  -0.071792 -0.964932 0.252493  0.039062 0.859375 0
0  0.082621 -0.014005 0.003134  -0.052137 -0.983406 0.173764  0.039062 0.925781 0
main
0  0.091236 -0.015009 -0.020192  -0.854653 -0.062010 -0.515483  0.019531 0.859375 0
0  0.092139 -0.017983 -0.018710  -0.659442 -0.727712 -0.188607  0.027344 0.859375 0
0  0.079789 -0.012872 0.001534  -0.674470 -0.715676 -0.181379  0.027344 0.925781 0
main
0  0.079990 -0.006619 0.000367  -0.822623 0.329251 -0.463558  0.007812 0.925781 0
0  0.092587 -0.011843 -0.020323  -0.763712 0.302138 -0.570489  0.007812 0.859375 0
0  0.091236 -0.015009 -0.020192  -0.854653 -0.062010 -0.515483  0.019531 0.859375 0
main
0  0.082905 -0.005162 0.001484  0.011377 0.981193 -0.192693  0.074219 0.925781 0
0  0.095401 -0.010341 -0.019026  0.068865 0.964614 -0.254513  0.074219 0.859375 0
0  0.092587 -0.011843 -0.020323  -0.262571 0.863570 -0.430468  0.085938 0.859375 0
main
0  0.085736 -0.006296 0.003084  0.646461 0.745411 0.162638  0.066406 0.925781 0
0  0.098031 -0.011383 -0.017060  0.649771 0.738864 0.178543  0.066406 0.859375 0
0  0.095401 -0.010341 -0.019026  0.068865 0.964614 -0.254513  0.074219 0.859375 0
main
0  0.086826 -0.009356 0.004230  0.902668 0.060332 0.426088  0.054688 0.925781 0
0  0.098935 -0.014357 -0.015577  0.855970 0.082985 0.510323  0.054688 0.859375 0
0  0.098031 -0.011383 -0.017060  0.649771 0.738864 0.178543  0.066406 0.859375 0
main
0  0.110650 -0.024978 -0.035802  0.548450 -0.600184 0.582221  0.046875 0.789062 0
0  0.112216 -0.021950 -0.036294  0.882797 0.072708 0.464093  0.054688 0.789062 0
0  0.098935 -0.014357 -0.015577  0.855970 0.082985 0.510323  0.054688 0.859375 0
main
0  0.107681 -0.026381 -0.036840  -0.114568 -0.927345 0.356237  0.039062 0.789062 0
0  0.110650 -0.024978 -0.035802  0.548450 -0.600184 0.582221  0.046875 0.789062 0
0  0.097583 -0.017522 -0.015446  0.559107 -0.626253 0.543330  0.046875 0.859375 0
main
0  0.105048 -0.025338 -0.038800  -0.713593 -0.694969 -0.088332  0.027344 0.789062 0
0  0.107681 -0.026381 -0.036840  -0.114568 -0.927345 0.356237  0.039062 0.789062 0
0  0.094769 -0.019024 -0.016744  -0.071792 -0.964932 0.252493  0.039062 0.859375 0
main
0  0.091236 -0.015009 -0.020192  -0.854653 -0.062010 -0.515483  0.019531 0.859375 0
0  0.104294 -0.022459 -0.040534  -0.877361 -0.039790 -0.478178  0.019531 0.789062 0
0  0.105048 -0.025338 -0.038800  -0.713593 -0.694969 -0.088332  0.027344 0.789062 0
main
0  0.092587 -0.011843 -0.020323  -0.763712 0.302138 -0.570489  0.007812 0.859375 0
0  0.105860 -0.019431 -0.041026  -0.764421 0.302332 -0.569435  0.007812 0.789062 0
0  0.104294 -0.022459 -0.040534  -0.877361 -0.039790 -0.478178  0.019531 0.789062 0
main
0  0.095401 -0.010341 -0.019026  0.068865 0.964614 -0.254513  0.074219 0.859375 0
0  0.108829 -0.018028 -0.039988  0.139988 0.928668 -0.343480  0.074219 0.789062 0
0  0.105860 -0.019431 -0.041026  -0.218963 0.835819 -0.503449  0.085938 0.789062 0
main
0  0.098031 -0.011383 -0.017060  0.649771 0.738864 0.178543  0.066406 0.859375 0
0  0.111462 -0.019071 -0.038028  0.711881 0.697311 0.083563  0.066406 0.789062 0
0  0.108829 -0.018028 -0.039988  0.139988 0.928668 -0.343480  0.074219 0.789062 0
main
0  0.112216 -0.021950 -0.036294  0.882797 0.072708 0.464093  0.054688 0.789062 0
0  0.111462 -0.019071 -0.038028  0.711881 0.697311 0.083563  0.066406 0.789062 0
0  0.098031 -0.011383 -0.017060  0.649771 0.738864 0.178543  0.066406 0.859375 0
main
0  0.119274 -0.034569 -0.053495  0.571662 -0.602646 0.556795  0.046875 0.730469 0
0  0.121121 -0.031894 -0.054634  0.955207 -0.014389 0.295590  0.054688 0.730469 0
0  0.112216 -0.021950 -0.036294  0.882797 0.072708 0.464093  0.054688 0.789062 0
main
0  0.116004 -0.035594 -0.053840  -0.154500 -0.854643 0.495697  0.039062 0.730469 0
0  0.119274 -0.034569 -0.053495  0.571662 -0.602646 0.556795  0.046875 0.730469 0
0  0.110650 -0.024978 -0.035802  0.548450 -0.600184 0.582221  0.046875 0.789062 0
main
0  0.113227 -0.034369 -0.055468  -0.798526 -0.588965 0.124407  0.027344 0.730469 0
0  0.116004 -0.035594 -0.053840  -0.154500 -0.854643 0.495697  0.039062 0.730469 0
0  0.107681 -0.026381 -0.036840  -0.114568 -0.927345 0.356237  0.039062 0.789062 0
main
0  0.112569 -0.031612 -0.057424  -0.943865 0.048420 -0.326764  0.019531 0.730469 0
0  0.113227 -0.034369 -0.055468  -0.798526 -0.588965 0.124407  0.027344 0.730469 0
0  0.105048 -0.025338 -0.038800  -0.713593 -0.694969 -0.088332  0.027344 0.789062 0
main
0  0.105860 -0.019431 -0.041026  -0.764421 0.302332 -0.569435  0.007812 0.789062 0
0  0.114416 -0.028937 -0.058563  -0.806478 0.351769 -0.475239  0.007812 0.730469 0
0  0.112569 -0.031612 -0.057424  -0.943865 0.048420 -0.326764  0.019531 0.730469 0
main
0  0.108829 -0.018028 -0.039988  0.139988 0.928668 -0.343480  0.074219 0.789062 0
0  0.117686 -0.027912 -0.058218  0.218035 0.851399 -0.477055  0.074219 0.730469 0
0  0.114416 -0.028937 -0.058563  -0.190844 0.800370 -0.568319  0.085938 0.730469 0
main
0  0.111462 -0.019071 -0.038028  0.711881 0.697311 0.083563  0.066406 0.789062 0
0  0.120463 -0.029137 -0.056590  0.809419 0.574162 -0.123201  0.066406 0.730469 0
0  0.117686 -0.027912 -0.058218  0.218035 0.851399 -0.477055  0.074219 0.730469 0
main
0  0.112216 -0.021950 -0.036294  0.882797 0.072708 0.464093  0.054688 0.789062 0
0  0.121121 -0.031894 -0.054634  0.955207 -0.014389 0.295590  0.054688 0.730469 0
0  0.120463 -0.029137 -0.056590  0.809419 0.574162 -0.123201  0.066406 0.730469 0
main
0  0.120893 -0.044671 -0.067300  0.598316 -0.684557 0.416414  0.046875 0.683594 0
0  0.122758 -0.042722 -0.069441  0.966632 -0.253294 -0.038267  0.054688 0.683594 0
0  0.121121 -0.031894 -0.054634  0.955207 -0.014389 0.295590  0.054688 0.730469 0
main
0  0.117598 -0.044720 -0.066298  -0.124883 -0.746011 0.654119  0.039062 0.683594 0
0  0.120893 -0.044671 -0.067300  0.598316 -0.684557 0.416414  0.046875 0.683594 0
0  0.119274 -0.034569 -0.053495  0.571662 -0.602646 0.556795  0.046875 0.730469 0
main
0  0.114804 -0.042840 -0.067021  -0.800049 -0.355375 0.483352  0.027344 0.683594 0
0  0.117598 -0.044720 -0.066298  -0.124883 -0.746011 0.654119  0.039062 0.683594 0
0  0.116004 -0.035594 -0.053840  -0.154500 -0.854643 0.495697  0.039062 0.730469 0
main
0  0.114148 -0.040132 -0.069045  -0.957974 0.286856 0.000247  0.019531 0.683594 0
0  0.114804 -0.042840 -0.067021  -0.800049 -0.355375 0.483352  0.027344 0.683594 0
0  0.113227 -0.034369 -0.055468  -0.798526 -0.588965 0.124407  0.027344 0.730469 0
main
0  0.114416 -0.028937 -0.058563  -0.806478 0.351769 -0.475239  0.007812 0.730469 0
0  0.116013 -0.038183 -0.071186  -0.816082 0.535066 -0.218438  0.007812 0.683594 0
0  0.114148 -0.040132 -0.069045  -0.957974 0.286856 0.000247  0.019531 0.683594 0
main
0  0.117686 -0.027912 -0.058218  0.218035 0.851399 -0.477055  0.074219 0.730469 0
0  0.119308 -0.038134 -0.072189  0.257895 0.725819 -0.637712  0.074219 0.683594 0
0  0.116013 -0.038183 -0.071186  -0.186843 0.795155 -0.576904  0.085938 0.683594 0
main
0  0.120463 -0.029137 -0.056590  0.809419 0.574162 -0.123201  0.066406 0.730469 0
0  0.122102 -0.040014 -0.071466  0.830969 0.312178 -0.460474  0.066406 0.683594 0
0  0.119308 -0.038134 -0.072189  0.257895 0.725819 -0.637712  0.074219 0.683594 0
main
0  0.121121 -0.031894 -0.054634  0.955207 -0.014389 0.295590  0.054688 0.730469 0
0  0.122758 -0.042722 -0.069441  0.966632 -0.253294 -0.038267  0.054688 0.683594 0
0  0.122102 -0.040014 -0.071466  0.830969 0.312178 -0.460474  0.066406 0.683594 0
main
0  0.120893 -0.044671 -0.067300  0.598316 -0.684557 0.416414  0.046875 0.683594 0
0  0.116130 -0.051118 -0.074073  0.503554 -0.828129 0.246243  0.046875 0.660156 0
0  0.117409 -0.049783 -0.077134  0.747251 -0.547432 -0.376740  0.054688 0.660156 0
main
0  0.113664 -0.050087 -0.071850  -0.052576 -0.635804 0.770058  0.039062 0.660156 0
0  0.116130 -0.051118 -0.074073  0.503554 -0.828129 0.246243  0.046875 0.660156 0
0  0.120893 -0.044671 -0.067300  0.598316 -0.684557 0.416414  0.046875 0.683594 0
main
0  0.111456 -0.047293 -0.071768  -0.585050 -0.046784 0.809647  0.027344 0.660156 0
0  0.113664 -0.050087 -0.071850  -0.052576 -0.635804 0.770058  0.039062 0.660156 0
0  0.117598 -0.044720 -0.066298  -0.124883 -0.746011 0.654119  0.039062 0.683594 0
main
0  0.110799 -0.044374 -0.073875  -0.728041 0.583483 0.359867  0.019531 0.660156 0
0  0.111456 -0.047293 -0.071768  -0.585050 -0.046784 0.809647  0.027344 0.660156 0
0  0.114804 -0.042840 -0.067021  -0.800049 -0.355375 0.483352  0.027344 0.683594 0
main
0  0.116013 -0.038183 -0.071186  -0.816082 0.535066 -0.218438  0.007812 0.683594 0
0  0.112078 -0.043039 -0.076936  -0.630491 0.772395 0.076728  0.007812 0.660156 0
0  0.110799 -0.044374 -0.073875  -0.728041 0.583483 0.359867  0.019531 0.660156 0
main
0  0.119308 -0.038134 -0.072189  0.257895 0.725819 -0.637712  0.074219 0.683594 0
0  0.114544 -0.044070 -0.079158  0.182346 0.597202 -0.781088  0.074219 0.660156 0
0  0.112078 -0.043039 -0.076936  -0.157894 0.818050 -0.553049  0.085938 0.660156 0
main
0  0.116752 -0.046863 -0.079240  0.620851 0.015041 -0.783784  0.066406 0.660156 0
0  0.114544 -0.044070 -0.079158  0.182346 0.597202 -0.781088  0.074219 0.660156 0
0  0.119308 -0.038134 -0.072189  0.257895 0.725819 -0.637712  0.074219 0.683594 0
main
0  0.122758 -0.042722 -0.069441  0.966632 -0.253294 -0.038267  0.054688 0.683594 0
0  0.117409 -0.049783 -0.077134  0.747251 -0.547432 -0.376740  0.054688 0.660156 0
0  0.116752 -0.046863 -0.079240  0.620851 0.015041 -0.783784  0.066406 0.660156 0
main
0  0.100267 -0.056574 -0.077224  0.077371 -0.983195 0.165351  0.046875 0.617188 0
0  0.099343 -0.056059 -0.080702  -0.098976 -0.843536 -0.527874  0.054688 0.617188 0
0  0.109238 -0.054209 -0.080676  0.368489 -0.748878 -0.550815  0.054688 0.636719 0
main
0  0.100902 -0.054395 -0.074383  0.210108 -0.560908 0.800773  0.039062 0.617188 0
0  0.100267 -0.056574 -0.077224  0.077371 -0.983195 0.165351  0.046875 0.617188 0
0  0.108961 -0.055158 -0.077076  0.295206 -0.943482 0.150651  0.046875 0.636719 0
main
0  0.106588 -0.049879 -0.073798  -0.237659 0.147969 0.960012  0.027344 0.636719 0
0  0.100877 -0.050800 -0.073845  0.220244 0.231479 0.947581  0.027344 0.617188 0
0  0.100902 -0.054395 -0.074383  0.210108 -0.560908 0.800773  0.039062 0.617188 0
main
0  0.105882 -0.046744 -0.076040  -0.354761 0.774047 0.524400  0.019531 0.636719 0
0  0.100205 -0.047893 -0.075924  0.073345 0.871566 0.484762  0.019531 0.617188 0
0  0.100877 -0.050800 -0.073845  0.220244 0.231479 0.947581  0.027344 0.617188 0
main
0  0.106160 -0.045795 -0.079640  -0.342224 0.916282 0.208113  0.007812 0.636719 0
0  0.099281 -0.047379 -0.079402  -0.022761 0.988107 0.152074  0.007812 0.617188 0
0  0.100205 -0.047893 -0.075924  0.073345 0.871566 0.484762  0.019531 0.617188 0
main
0  0.107258 -0.047589 -0.082489  -0.001330 0.493326 -0.869843  0.074219 0.636719 0
0  0.098646 -0.049558 -0.082243  -0.251878 0.452223 -0.855600  0.074219 0.617188 0
0  0.099281 -0.047379 -0.079402  -0.200745 0.797341 -0.569166  0.085938 0.617188 0
main
0  0.108533 -0.051074 -0.082918  0.251009 -0.187940 -0.949565  0.066406 0.636719 0
0  0.098672 -0.053153 -0.082781  -0.231243 -0.268305 -0.935168  0.066406 0.617188 0
0  0.098646 -0.049558 -0.082243  -0.251878 0.452223 -0.855600  0.074219 0.617188 0
main
0  0.099343 -0.056059 -0.080702  -0.098976 -0.843536 -0.527874  0.054688 0.617188 0
0  0.098672 -0.053153 -0.082781  -0.231243 -0.268305 -0.935168  0.066406 0.617188 0
0  0.108533 -0.051074 -0.082918  0.251009 -0.187940 -0.949565  0.066406 0.636719 0
main
0  0.087788 -0.053774 -0.068931  -0.144561 -0.932043 0.332261  0.046875 0.578125 0
0  0.085368 -0.053025 -0.071264  -0.657918 -0.736762 -0.155966  0.054688 0.578125 0
0  0.091587 -0.055110 -0.076493  -0.433279 -0.821658 -0.370334  0.054688 0.597656 0
main
0  0.095052 -0.053752 -0.071298  0.379646 -0.528670 0.759195  0.039062 0.597656 0
0  0.090400 -0.052050 -0.067492  0.480498 -0.595582 0.643741  0.039062 0.578125 0
0  0.087788 -0.053774 -0.068931  -0.144561 -0.932043 0.332261  0.046875 0.578125 0
main
0  0.095717 -0.050242 -0.071185  0.569649 0.224400 0.790661  0.027344 0.597656 0
0  0.091673 -0.048864 -0.067790  0.827629 0.116413 0.549071  0.027344 0.578125 0
0  0.090400 -0.052050 -0.067492  0.480498 -0.595582 0.643741  0.039062 0.578125 0
main
0  0.094947 -0.047295 -0.073224  0.406747 0.839338 0.360650  0.019531 0.597656 0
0  0.090861 -0.046081 -0.069650  0.629169 0.768520 0.116287  0.019531 0.578125 0
0  0.091673 -0.048864 -0.067790  0.827629 0.116413 0.549071  0.027344 0.578125 0
main
0  0.088441 -0.045332 -0.071983  0.388855 0.915595 -0.102364  0.007812 0.578125 0
0  0.090861 -0.046081 -0.069650  0.629169 0.768520 0.116287  0.019531 0.578125 0
0  0.094947 -0.047295 -0.073224  0.406747 0.839338 0.360650  0.019531 0.597656 0
main
0  0.091481 -0.048653 -0.078419  -0.432195 0.486218 -0.759473  0.074219 0.597656 0
0  0.085829 -0.047056 -0.073422  -0.565319 0.526109 -0.635314  0.074219 0.578125 0
0  0.088441 -0.045332 -0.071983  -0.250491 0.813901 -0.524232  0.085938 0.578125 0
main
0  0.090817 -0.052163 -0.078532  -0.584474 -0.240425 -0.774974  0.066406 0.597656 0
0  0.084556 -0.050242 -0.073124  -0.825129 -0.150138 -0.544629  0.066406 0.578125 0
0  0.085829 -0.047056 -0.073422  -0.565319 0.526109 -0.635314  0.074219 0.578125 0
main
0  0.085368 -0.053025 -0.071264  -0.657918 -0.736762 -0.155966  0.054688 0.578125 0
0  0.084556 -0.050242 -0.073124  -0.825129 -0.150138 -0.544629  0.066406 0.578125 0
0  0.090817 -0.052163 -0.078532  -0.584474 -0.240425 -0.774974  0.066406 0.597656 0
main
0  0.087788 -0.053774 -0.068931  -0.144561 -0.932043 0.332261  0.046875 0.578125 0
0  0.080672 -0.045019 -0.051515  -0.159424 -0.877980 0.451371  0.046875 0.523438 0
0  0.077791 -0.043839 -0.052987  -0.780425 -0.612611 0.125076  0.054688 0.523438 0
main
0  0.090400 -0.052050 -0.067492  0.480498 -0.595582 0.643741  0.039062 0.578125 0
0  0.083913 -0.043884 -0.051251  0.562969 -0.643284 0.518895  0.039062 0.523438 0
0  0.080672 -0.045019 -0.051515  -0.159424 -0.877980 0.451371  0.046875 0.523438 0
main
0  0.091673 -0.048864 -0.067790  0.827629 0.116413 0.549071  0.027344 0.578125 0
0  0.085615 -0.041099 -0.052350  0.961027 -0.023095 0.275488  0.027344 0.523438 0
0  0.083913 -0.043884 -0.051251  0.562969 -0.643284 0.518895  0.039062 0.523438 0
main
0  0.084782 -0.038296 -0.054169  0.773957 0.617951 -0.138299  0.019531 0.523438 0
0  0.085615 -0.041099 -0.052350  0.961027 -0.023095 0.275488  0.027344 0.523438 0
0  0.091673 -0.048864 -0.067790  0.827629 0.116413 0.549071  0.027344 0.578125 0
main
0  0.081900 -0.037116 -0.055642  0.495583 0.807210 -0.320639  0.007812 0.523438 0
0  0.084782 -0.038296 -0.054169  0.773957 0.617951 -0.138299  0.019531 0.523438 0
0  0.090861 -0.046081 -0.069650  0.629169 0.768520 0.116287  0.019531 0.578125 0
main
0  0.078659 -0.038251 -0.055906  -0.605064 0.607831 -0.514237  0.074219 0.523438 0
0  0.081900 -0.037116 -0.055642  -0.241981 0.814228 -0.527710  0.085938 0.523438 0
0  0.088441 -0.045332 -0.071983  -0.250491 0.813901 -0.524232  0.085938 0.578125 0
main
0  0.076957 -0.041035 -0.054806  -0.963137 -0.007802 -0.268897  0.066406 0.523438 0
0  0.078659 -0.038251 -0.055906  -0.605064 0.607831 -0.514237  0.074219 0.523438 0
0  0.085829 -0.047056 -0.073422  -0.565319 0.526109 -0.635314  0.074219 0.578125 0
main
0  0.085368 -0.053025 -0.071264  -0.657918 -0.736762 -0.155966  0.054688 0.578125 0
0  0.077791 -0.043839 -0.052987  -0.780425 -0.612611 0.125076  0.054688 0.523438 0
0  0.076957 -0.041035 -0.054806  -0.963137 -0.007802 -0.268897  0.066406 0.523438 0
main
0  0.080672 -0.045019 -0.051515  -0.159424 -0.877980 0.451371  0.046875 0.523438 0
0  0.077496 -0.032160 -0.031078  -0.165058 -0.803517 0.571940  0.046875 0.457031 0
0  0.074578 -0.030864 -0.032370  -0.802491 -0.521424 0.290043  0.054688 0.457031 0
main
0  0.083913 -0.043884 -0.051251  0.562969 -0.643284 0.518895  0.039062 0.523438 0
0  0.080833 -0.031338 -0.031296  0.568184 -0.630108 0.529273  0.039062 0.457031 0
0  0.077496 -0.032160 -0.031078  -0.165058 -0.803517 0.571940  0.046875 0.457031 0
main
0  0.085615 -0.041099 -0.052350  0.961027 -0.023095 0.275488  0.027344 0.523438 0
0  0.082636 -0.028878 -0.032896  0.979650 -0.090159 0.179322  0.027344 0.457031 0
0  0.080833 -0.031338 -0.031296  0.568184 -0.630108 0.529273  0.039062 0.457031 0
main
0  0.081847 -0.026222 -0.034942  0.813052 0.509756 -0.281239  0.019531 0.457031 0
0  0.082636 -0.028878 -0.032896  0.979650 -0.090159 0.179322  0.027344 0.457031 0
0  0.085615 -0.041099 -0.052350  0.961027 -0.023095 0.275488  0.027344 0.523438 0
main
0  0.078930 -0.024925 -0.036234  0.523435 0.714092 -0.464853  0.007812 0.457031 0
0  0.081847 -0.026222 -0.034942  0.813052 0.509756 -0.281239  0.019531 0.457031 0
0  0.084782 -0.038296 -0.054169  0.773957 0.617951 -0.138299  0.019531 0.523438 0
main
0  0.075593 -0.025747 -0.036016  -0.596554 0.612000 -0.519211  0.074219 0.457031 0
0  0.078930 -0.024925 -0.036234  -0.228820 0.771472 -0.593693  0.085938 0.457031 0
0  0.081900 -0.037116 -0.055642  -0.241981 0.814228 -0.527710  0.085938 0.523438 0
main
0  0.073790 -0.028207 -0.034416  -0.985606 0.059245 -0.158340  0.066406 0.457031 0
0  0.075593 -0.025747 -0.036016  -0.596554 0.612000 -0.519211  0.074219 0.457031 0
0  0.078659 -0.038251 -0.055906  -0.605064 0.607831 -0.514237  0.074219 0.523438 0
main
0  0.077791 -0.043839 -0.052987  -0.780425 -0.612611 0.125076  0.054688 0.523438 0
0  0.074578 -0.030864 -0.032370  -0.802491 -0.521424 0.290043  0.054688 0.457031 0
0  0.073790 -0.028207 -0.034416  -0.985606 0.059245 -0.158340  0.066406 0.457031 0
main
0  0.077496 -0.032160 -0.031078  -0.165058 -0.803517 0.571940  0.046875 0.457031 0
0  0.076234 -0.017620 -0.014051  -0.170693 -0.705750 0.687590  0.046875 0.398438 0
0  0.073324 -0.016390 -0.015422  -0.809406 -0.439179 0.389850  0.054688 0.398438 0
main
0  0.080833 -0.031338 -0.031296  0.568184 -0.630108 0.529273  0.039062 0.457031 0
0  0.079591 -0.016989 -0.014493  0.565614 -0.571330 0.594696  0.039062 0.398438 0
0  0.076234 -0.017620 -0.014051  -0.170693 -0.705750 0.687590  0.046875 0.398438 0
main
0  0.082636 -0.028878 -0.032896  0.979650 -0.090159 0.179322  0.027344 0.457031 0
0  0.081428 -0.014867 -0.016490  0.981586 -0.106824 0.158361  0.027344 0.398438 0
0  0.079591 -0.016989 -0.014493  0.565614 -0.571330 0.594696  0.039062 0.398438 0
main
0  0.080669 -0.012498 -0.018871  0.823133 0.425395 -0.376153  0.019531 0.398438 0
0  0.081428 -0.014867 -0.016490  0.981586 -0.106824 0.158361  0.027344 0.398438 0
0  0.082636 -0.028878 -0.032896  0.979650 -0.090159 0.179322  0.027344 0.457031 0
main
0  0.077759 -0.011269 -0.020243  0.533479 0.615705 -0.579920  0.007812 0.398438 0
0  0.080669 -0.012498 -0.018871  0.823133 0.425395 -0.376153  0.019531 0.398438 0
0  0.081847 -0.026222 -0.034942  0.813052 0.509756 -0.281239  0.019531 0.457031 0
main
0  0.074402 -0.011900 -0.019800  -0.587966 0.559330 -0.584333  0.074219 0.398438 0
0  0.077759 -0.011269 -0.020243  -0.220576 0.687766 -0.691609  0.085938 0.398438 0
0  0.078930 -0.024925 -0.036234  -0.228820 0.771472 -0.593693  0.085938 0.457031 0
main
0  0.072565 -0.014021 -0.017804  -0.987698 0.081248 -0.133605  0.066406 0.398438 0
0  0.074402 -0.011900 -0.019800  -0.587966 0.559330 -0.584333  0.074219 0.398438 0
0  0.075593 -0.025747 -0.036016  -0.596554 0.612000 -0.519211  0.074219 0.457031 0
main
0  0.074578 -0.030864 -0.032370  -0.802491 -0.521424 0.290043  0.054688 0.457031 0
0  0.073324 -0.016390 -0.015422  -0.809406 -0.439179 0.389850  0.054688 0.398438 0
0  0.072565 -0.014021 -0.017804  -0.987698 0.081248 -0.133605  0.066406 0.398438 0
main
0  0.075866 -0.004185 -0.002278  -0.172978 -0.625771 0.760585  0.046875 0.351562 0
0  0.072959 -0.003040 -0.003726  -0.815155 -0.374180 0.442167  0.054688 0.351562 0
0  0.073324 -0.016390 -0.015422  -0.809406 -0.439179 0.389850  0.054688 0.398438 0
main
0  0.079591 -0.016989 -0.014493  0.565614 -0.571330 0.594696  0.039062 0.398438 0
0  0.079228 -0.003680 -0.002835  0.569611 -0.516005 0.639751  0.039062 0.351562 0
0  0.075866 -0.004185 -0.002278  -0.172978 -0.625771 0.760585  0.046875 0.351562 0
main
0  0.081428 -0.014867 -0.016490  0.981586 -0.106824 0.158361  0.027344 0.398438 0
0  0.081073 -0.001820 -0.005070  0.983606 -0.105600 0.146176  0.027344 0.351562 0
0  0.079228 -0.003680 -0.002835  0.569611 -0.516005 0.639751  0.039062 0.351562 0
main
0  0.080669 -0.012498 -0.018871  0.823133 0.425395 -0.376153  0.019531 0.398438 0
0  0.080322 0.000305 -0.007674  0.820985 0.369129 -0.435577  0.019531 0.351562 0
0  0.081073 -0.001820 -0.005070  0.983606 -0.105600 0.146176  0.027344 0.351562 0
main
0  0.077759 -0.011269 -0.020243  0.533479 0.615705 -0.579920  0.007812 0.398438 0
0  0.077415 0.001451 -0.009121  0.535738 0.540241 -0.648941  0.007812 0.351562 0
0  0.080322 0.000305 -0.007674  0.820985 0.369129 -0.435577  0.019531 0.351562 0
main
0  0.074054 0.000946 -0.008565  -0.579776 0.511994 -0.633815  0.074219 0.351562 0
0  0.077415 0.001451 -0.009121  -0.217803 0.617496 -0.755817  0.085938 0.351562 0
0  0.077759 -0.011269 -0.020243  -0.220576 0.687766 -0.691609  0.085938 0.398438 0
main
0  0.072208 -0.000914 -0.006330  -0.986367 0.095690 -0.133877  0.066406 0.351562 0
0  0.074054 0.000946 -0.008565  -0.579776 0.511994 -0.633815  0.074219 0.351562 0
0  0.074402 -0.011900 -0.019800  -0.587966 0.559330 -0.584333  0.074219 0.398438 0
main
0  0.072959 -0.003040 -0.003726  -0.815155 -0.374180 0.442167  0.054688 0.351562 0
0  0.072208 -0.000914 -0.006330  -0.986367 0.095690 -0.133877  0.066406 0.351562 0
0  0.072565 -0.014021 -0.017804  -0.987698 0.081248 -0.133605  0.066406 0.398438 0
main
0  0.075847 0.005037 0.004785  -0.175616 -0.665432 0.725507  0.046875 0.316406 0
0  0.072938 0.006295 0.003436  -0.828158 -0.380446 0.411601  0.054688 0.316406 0
0  0.072959 -0.003040 -0.003726  -0.815155 -0.374180 0.442167  0.054688 0.351562 0
main
0  0.079228 -0.003680 -0.002835  0.569611 -0.516005 0.639751  0.039062 0.351562 0
0  0.079208 0.005553 0.004237  0.585413 -0.548218 0.597285  0.039062 0.316406 0
0  0.075847 0.005037 0.004785  -0.175616 -0.665432 0.725507  0.046875 0.316406 0
main
0  0.081073 -0.001820 -0.005070  0.983606 -0.105600 0.146176  0.027344 0.351562 0
0  0.081052 0.007541 0.002114  0.988716 -0.100738 0.110871  0.027344 0.316406 0
0  0.079208 0.005553 0.004237  0.585413 -0.548218 0.597285  0.039062 0.316406 0
main
0  0.080322 0.000305 -0.007674  0.820985 0.369129 -0.435577  0.019531 0.351562 0
0  0.080300 0.009836 -0.000341  0.806402 0.406095 -0.429888  0.019531 0.316406 0
0  0.081052 0.007541 0.002114  0.988716 -0.100738 0.110871  0.027344 0.316406 0
main
0  0.077415 0.001451 -0.009121  0.535738 0.540241 -0.648941  0.007812 0.351562 0
0  0.077392 0.011094 -0.001690  0.534619 0.580630 -0.614045  0.007812 0.316406 0
0  0.080300 0.009836 -0.000341  0.806402 0.406095 -0.429888  0.019531 0.316406 0
main
0  0.074031 0.010578 -0.001143  -0.563507 0.566821 -0.600977  0.074219 0.316406 0
0  0.077392 0.011094 -0.001690  -0.217834 0.670747 -0.708976  0.085938 0.316406 0
0  0.077415 0.001451 -0.009121  -0.217803 0.617496 -0.755817  0.085938 0.351562 0
main
0  0.072186 0.008590 0.000980  -0.980970 0.132597 -0.141832  0.066406 0.316406 0
0  0.074031 0.010578 -0.001143  -0.563507 0.566821 -0.600977  0.074219 0.316406 0
0  0.074054 0.000946 -0.008565  -0.579776 0.511994 -0.633815  0.074219 0.351562 0
main
0  0.072938 0.006295 0.003436  -0.828158 -0.380446 0.411601  0.054688 0.316406 0
0  0.072186 0.008590 0.000980  -0.980970 0.132597 -0.141832  0.066406 0.316406 0
0  0.072208 -0.000914 -0.006330  -0.986367 0.095690 -0.133877  0.066406 0.351562 0
main
0  0.075847 0.009099 0.009232  -0.183494 -0.869176 0.459197  0.046875 0.296875 0
0  0.072939 0.010735 0.008381  -0.846871 -0.471053 0.246815  0.054688 0.296875 0
0  0.072938 0.006295 0.003436  -0.828158 -0.380446 0.411601  0.054688 0.316406 0
main
0  0.079208 0.005553 0.004237  0.585413 -0.548218 0.597285  0.039062 0.316406 0
0  0.079208 0.009767 0.008884  0.606628 -0.703524 0.370210  0.039062 0.296875 0
0  0.075847 0.009099 0.009232  -0.183494 -0.869176 0.459197  0.046875 0.296875 0
main
0  0.081052 0.007541 0.002114  0.988716 -0.100738 0.110871  0.027344 0.316406 0
0  0.081053 0.012347 0.007542  0.993551 -0.100316 0.052844  0.027344 0.296875 0
0  0.079208 0.009767 0.008884  0.606628 -0.703524 0.370210  0.039062 0.296875 0
main
0  0.080300 0.009836 -0.000341  0.806402 0.406095 -0.429888  0.019531 0.316406 0
0  0.080300 0.015329 0.005991  0.791556 0.543477 -0.279411  0.019531 0.296875 0
0  0.081053 0.012347 0.007542  0.993551 -0.100316 0.052844  0.027344 0.296875 0
main
0  0.077392 0.011094 -0.001690  0.534619 0.580630 -0.614045  0.007812 0.316406 0
0  0.077391 0.016965 0.005140  0.535414 0.751154 -0.386135  0.007812 0.296875 0
0  0.080300 0.015329 0.005991  0.791556 0.543477 -0.279411  0.019531 0.296875 0
main
0  0.074030 0.016297 0.005487  -0.550113 0.742665 -0.381868  0.074219 0.296875 0
0  0.077391 0.016965 0.005140  -0.218551 0.867944 -0.445991  0.085938 0.296875 0
0  0.077392 0.011094 -0.001690  -0.217834 0.670747 -0.708976  0.085938 0.316406 0
main
0  0.072186 0.013717 0.006829  -0.974011 0.201535 -0.103370  0.066406 0.296875 0
0  0.074030 0.016297 0.005487  -0.550113 0.742665 -0.381868  0.074219 0.296875 0
0  0.074031 0.010578 -0.001143  -0.563507 0.566821 -0.600977  0.074219 0.316406 0
main
0  0.072939 0.010735 0.008381  -0.846871 -0.471053 0.246815  0.054688 0.296875 0
0  0.072186 0.013717 0.006829  -0.974011 0.201535 -0.103370  0.066406 0.296875 0
0  0.072186 0.008590 0.000980  -0.980970 0.132597 -0.141832  0.066406 0.316406 0
main
0  0.075847 0.009099 0.009232  -0.183494 -0.869176 0.459197  0.046875 0.296875 0
0  0.075847 0.010774 0.016235  -0.177037 -0.957205 0.228947  0.046875 0.273438 0
0  0.072939 0.012618 0.016212  -0.837399 -0.531527 0.127446  0.054688 0.273438 0
main
0  0.079208 0.011527 0.016226  0.592354 -0.783522 0.187642  0.039062 0.273438 0
0  0.075847 0.010774 0.016235  -0.177037 -0.957205 0.228947  0.046875 0.273438 0
0  0.075847 0.009099 0.009232  -0.183494 -0.869176 0.459197  0.046875 0.296875 0
main
0  0.081053 0.014435 0.016188  0.992655 -0.117675 0.028098  0.027344 0.273438 0
0  0.079208 0.011527 0.016226  0.592354 -0.783522 0.187642  0.039062 0.273438 0
0  0.079208 0.009767 0.008884  0.606628 -0.703524 0.370210  0.039062 0.296875 0
main
0  0.080300 0.017796 0.016144  0.784886 0.602147 -0.146195  0.019531 0.273438 0
0  0.081053 0.014435 0.016188  0.992655 -0.117675 0.028098  0.027344 0.273438 0
0  0.081053 0.012347 0.007542  0.993551 -0.100316 0.052844  0.027344 0.296875 0
main
0  0.077391 0.019640 0.016120  0.525376 0.826787 -0.201007  0.007812 0.273438 0
0  0.080300 0.017796 0.016144  0.784886 0.602147 -0.146195  0.019531 0.273438 0
0  0.080300 0.015329 0.005991  0.791556 0.543477 -0.279411  0.019531 0.296875 0
main
0  0.074030 0.016297 0.005487  -0.550113 0.742665 -0.381868  0.074219 0.296875 0
0  0.074030 0.018887 0.016130  -0.541063 0.817188 -0.198633  0.074219 0.273438 0
0  0.077391 0.019640 0.016120  -0.213207 0.949291 -0.231063  0.085938 0.273438 0
main
0  0.072186 0.013717 0.006829  -0.974011 0.201535 -0.103370  0.066406 0.296875 0
0  0.072186 0.015979 0.016168  -0.973457 0.222407 -0.054001  0.066406 0.273438 0
0  0.074030 0.018887 0.016130  -0.541063 0.817188 -0.198633  0.074219 0.273438 0
main
0  0.072939 0.010735 0.008381  -0.846871 -0.471053 0.246815  0.054688 0.296875 0
0  0.072939 0.012618 0.016212  -0.837399 -0.531527 0.127446  0.054688 0.273438 0
0  0.072186 0.015979 0.016168  -0.973457 0.222407 -0.054001  0.066406 0.273438 0
main
0  0.109238 -0.054209 -0.080676  0.368489 -0.748878 -0.550815  0.054688 0.636719 0
0  0.108533 -0.051074 -0.082918  0.251009 -0.187940 -0.949565  0.066406 0.636719 0
0  0.116752 -0.046863 -0.079240  0.620851 0.015041 -0.783784  0.066406 0.660156 0
main
0  0.108533 -0.051074 -0.082918  0.251009 -0.187940 -0.949565  0.066406 0.636719 0
0  0.107258 -0.047589 -0.082489  -0.001330 0.493326 -0.869843  0.074219 0.636719 0
0  0.114544 -0.044070 -0.079158  0.182346 0.597202 -0.781088  0.074219 0.660156 0
main
0  0.114544 -0.044070 -0.079158  0.182346 0.597202 -0.781088  0.074219 0.660156 0
0  0.107258 -0.047589 -0.082489  -0.001330 0.493326 -0.869843  0.074219 0.636719 0
0  0.106160 -0.045795 -0.079640  -0.168996 0.805366 -0.568178  0.085938 0.636719 0
main
0  0.112078 -0.043039 -0.076936  -0.630491 0.772395 0.076728  0.007812 0.660156 0
0  0.106160 -0.045795 -0.079640  -0.342224 0.916282 0.208113  0.007812 0.636719 0
0  0.105882 -0.046744 -0.076040  -0.354761 0.774047 0.524400  0.019531 0.636719 0
main
0  0.110799 -0.044374 -0.073875  -0.728041 0.583483 0.359867  0.019531 0.660156 0
0  0.105882 -0.046744 -0.076040  -0.354761 0.774047 0.524400  0.019531 0.636719 0
0  0.106588 -0.049879 -0.073798  -0.237659 0.147969 0.960012  0.027344 0.636719 0
main
0  0.106588 -0.049879 -0.073798  -0.237659 0.147969 0.960012  0.027344 0.636719 0
0  0.107863 -0.053364 -0.074227  0.033740 -0.581403 0.812916  0.039062 0.636719 0
0  0.113664 -0.050087 -0.071850  -0.052576 -0.635804 0.770058  0.039062 0.660156 0
main
0  0.107863 -0.053364 -0.074227  0.033740 -0.581403 0.812916  0.039062 0.636719 0
0  0.108961 -0.055158 -0.077076  0.295206 -0.943482 0.150651  0.046875 0.636719 0
0  0.116130 -0.051118 -0.074073  0.503554 -0.828129 0.246243  0.046875 0.660156 0
main
0  0.116130 -0.051118 -0.074073  0.503554 -0.828129 0.246243  0.046875 0.660156 0
0  0.108961 -0.055158 -0.077076  0.295206 -0.943482 0.150651  0.046875 0.636719 0
0  0.109238 -0.054209 -0.080676  0.368489 -0.748878 -0.550815  0.054688 0.636719 0
main
0  0.099343 -0.056059 -0.080702  -0.098976 -0.843536 -0.527874  0.054688 0.617188 0
0  0.091587 -0.055110 -0.076493  -0.433279 -0.821658 -0.370334  0.054688 0.597656 0
0  0.090817 -0.052163 -0.078532  -0.584474 -0.240425 -0.774974  0.066406 0.597656 0
main
0  0.090817 -0.052163 -0.078532  -0.584474 -0.240425 -0.774974  0.066406 0.597656 0
0  0.091481 -0.048653 -0.078419  -0.432195 0.486218 -0.759473  0.074219 0.597656 0
0  0.098646 -0.049558 -0.082243  -0.251878 0.452223 -0.855600  0.074219 0.617188 0
main
0  0.091481 -0.048653 -0.078419  -0.432195 0.486218 -0.759473  0.074219 0.597656 0
0  0.093192 -0.046637 -0.076220  -0.230637 0.799971 -0.553943  0.085938 0.597656 0
0  0.099281 -0.047379 -0.079402  -0.200745 0.797341 -0.569166  0.085938 0.617188 0
main
0  0.093192 -0.046637 -0.076220  0.231717 0.969927 0.074494  0.007812 0.597656 0
0  0.094947 -0.047295 -0.073224  0.406747 0.839338 0.360650  0.019531 0.597656 0
0  0.100205 -0.047893 -0.075924  0.073345 0.871566 0.484762  0.019531 0.617188 0
main
0  0.094947 -0.047295 -0.073224  0.406747 0.839338 0.360650  0.019531 0.597656 0
0  0.095717 -0.050242 -0.071185  0.569649 0.224400 0.790661  0.027344 0.597656 0
0  0.100877 -0.050800 -0.073845  0.220244 0.231479 0.947581  0.027344 0.617188 0
main
0  0.100877 -0.050800 -0.073845  0.220244 0.231479 0.947581  0.027344 0.617188 0
0  0.095717 -0.050242 -0.071185  0.569649 0.224400 0.790661  0.027344 0.597656 0
0  0.095052 -0.053752 -0.071298  0.379646 -0.528670 0.759195  0.039062 0.597656 0
main
0  0.100902 -0.054395 -0.074383  0.210108 -0.560908 0.800773  0.039062 0.617188 0
0  0.095052 -0.053752 -0.071298  0.379646 -0.528670 0.759195  0.039062 0.597656 0
0  0.093342 -0.055768 -0.073497  -0.048379 -0.964919 0.258051  0.046875 0.597656 0
main
0  0.100267 -0.056574 -0.077224  0.077371 -0.983195 0.165351  0.046875 0.617188 0
0  0.093342 -0.055768 -0.073497  -0.048379 -0.964919 0.258051  0.046875 0.597656 0
0  0.091587 -0.055110 -0.076493  -0.433279 -0.821658 -0.370334  0.054688 0.597656 0
main
0  0.107757 0.054439 0.090862  0.000000 -1.000000 -0.000000  0.355469 0.308594 0
0  0.107757 0.054439 0.064529  0.000000 -1.000000 -0.000000  0.355469 0.367188 0
0  0.131159 0.054439 0.064529  0.000000 -1.000000 -0.000000  0.300781 0.367188 0
main
0  0.107757 0.054439 0.090862  0.707107 0.000000 -0.707107  0.132812 0.371094 0
0  0.107757 0.024069 0.090862  0.827933 0.000000 -0.560827  0.203125 0.371094 0
0  0.107757 0.024069 0.064529  0.827933 0.000000 0.560827  0.203125 0.429688 0
main
0  0.107757 0.054439 0.090862  0.707107 0.000000 -0.707107  0.132812 0.371094 0
0  0.131159 0.054439 0.090862  0.000000 0.000000 -1.000000  0.132812 0.316406 0
0  0.131159 0.037060 0.090862  0.000000 0.000000 -1.000000  0.171875 0.316406 0
main
0  0.107757 0.054439 0.064529  0.707107 0.000000 0.707107  0.132812 0.429688 0
0  0.107757 0.024069 0.064529  0.827933 0.000000 0.560827  0.203125 0.429688 0
0  0.131159 0.037060 0.064529  -0.000000 0.000000 1.000000  0.171875 0.484375 0
main
0  0.107757 0.024069 0.064529  -0.000000 -1.000000 -0.000000  0.285156 0.554688 0
0  0.107757 0.024069 0.090862  -0.000000 -1.000000 -0.000000  0.285156 0.503906 0
0  0.100176 0.024069 0.096934  -0.000000 -1.000000 -0.000000  0.296875 0.492188 0
main
0  0.131159 0.061125 0.058458  1.000000 0.000001 0.000000  0.207031 0.445312 0
0  0.131159 0.061125 0.096934  1.000000 0.000001 0.000000  0.207031 0.371094 0
0  0.131159 0.054439 0.090862  1.000000 0.000001 0.000000  0.218750 0.382812 0
main
0  0.107757 0.024069 0.090862  0.485355 -0.874317 0.000000  0.445312 0.320312 0
0  0.131159 0.037060 0.090862  0.485354 -0.874318 0.000000  0.386719 0.320312 0
0  0.131159 0.037060 0.096934  0.485354 -0.874318 0.000000  0.386719 0.308594 0
main
0  0.100176 0.061125 0.058458  -0.000000 0.000000 -1.000000  0.203125 0.570312 0
0  0.131159 0.061125 0.058458  0.000000 0.000000 -1.000000  0.132812 0.570312 0
0  0.131159 0.037060 0.058458  -0.000000 0.000000 -1.000000  0.132812 0.515625 0
main
0  0.131159 0.037060 0.096934  1.000000 0.000000 0.000000  0.253906 0.371094 0
0  0.131159 0.037060 0.090862  1.000000 0.000000 0.000000  0.253906 0.382812 0
0  0.131159 0.054439 0.090862  1.000000 0.000001 0.000000  0.218750 0.382812 0
main
0  0.100176 0.061125 0.096934  0.000000 0.000000 1.000000  0.207031 0.570312 0
0  0.107757 0.024069 0.096934  0.000000 0.000000 1.000000  0.226562 0.484375 0
0  0.131159 0.037060 0.096934  0.000000 0.000000 1.000000  0.277344 0.515625 0
main
0  0.107757 0.024069 0.064529  0.485354 -0.874318 -0.000001  0.445312 0.324219 0
0  0.107757 0.024069 0.058458  0.485354 -0.874318 -0.000001  0.445312 0.335938 0
0  0.131159 0.037060 0.058458  0.485354 -0.874318 -0.000000  0.386719 0.335938 0
main
0  0.131159 0.037060 0.058458  1.000000 0.000000 0.000000  0.253906 0.445312 0
0  0.131159 0.061125 0.058458  1.000000 0.000001 0.000000  0.207031 0.445312 0
0  0.131159 0.054439 0.064529  1.000000 0.000000 0.000000  0.218750 0.433594 0
main
0  0.119519 0.048120 0.083980  -0.000031 -0.609999 0.792402  0.214844 0.324219 0
0  0.114077 0.048120 0.080838  -0.686244 -0.609995 0.396200  0.230469 0.324219 0
0  0.114077 0.048120 0.074553  -0.686245 -0.609995 -0.396200  0.238281 0.335938 0
main
0  0.114077 0.048120 0.074553  -0.686245 -0.609995 -0.396200  0.238281 0.335938 0
0  0.114077 0.054621 0.074553  -0.500007 0.000000 -0.866022  0.250000 0.343750 0
0  0.119519 0.054621 0.071411  -0.500007 0.000000 -0.866022  0.242188 0.355469 0
main
0  0.114077 0.054621 0.080838  -1.000000 0.000000 0.000000  0.242188 0.316406 0
0  0.114077 0.054621 0.074553  -1.000000 0.000000 0.000000  0.250000 0.328125 0
0  0.114077 0.048120 0.074553  -0.686245 -0.609995 -0.396200  0.238281 0.335938 0
main
0  0.124962 0.048120 0.074553  0.686233 -0.609989 -0.396230  0.214844 0.351562 0
0  0.124962 0.048120 0.080838  0.686232 -0.609989 0.396230  0.207031 0.335938 0
0  0.119519 0.048120 0.083980  -0.000031 -0.609999 0.792402  0.214844 0.324219 0
main
0  0.119519 0.048120 0.071411  -0.000031 -0.609998 -0.792403  0.230469 0.351562 0
0  0.119519 0.054621 0.071411  0.499938 0.000000 -0.866061  0.230469 0.363281 0
0  0.124962 0.054621 0.074553  0.499938 0.000000 -0.866061  0.214844 0.363281 0
main
0  0.119519 0.048120 0.083980  -0.000031 -0.609999 0.792402  0.214844 0.324219 0
0  0.119519 0.054621 0.083980  -0.500007 0.000000 0.866022  0.214844 0.308594 0
0  0.114077 0.054621 0.080838  -0.500006 0.000000 0.866022  0.230469 0.308594 0
main
0  0.124962 0.048120 0.074553  0.686233 -0.609989 -0.396230  0.214844 0.351562 0
0  0.124962 0.054621 0.074553  1.000000 0.000000 0.000000  0.203125 0.355469 0
0  0.124962 0.054621 0.080838  1.000000 0.000000 0.000000  0.195312 0.343750 0
main
0  0.119519 0.048120 0.083980  -0.000031 -0.609999 0.792402  0.214844 0.324219 0
0  0.124962 0.048120 0.080838  0.686232 -0.609989 0.396230  0.207031 0.335938 0
0  0.124962 0.054621 0.080838  0.499938 0.000000 0.866061  0.195312 0.328125 0
main
0  0.034704 0.014178 0.024431  -0.000000 -1.000000 -0.000000  0.121094 0.574219 0
0  -0.082630 0.014178 0.024431  0.000000 -1.000000 -0.000000  0.453125 0.574219 0
0  -0.090822 0.014178 0.016239  0.000000 -1.000000 -0.000000  0.476562 0.597656 0
main
0  0.034704 0.014178 0.120072  0.000000 -1.000000 0.000000  0.121094 0.304688 0
0  0.042896 0.014178 0.128264  0.000000 -1.000000 0.000000  0.101562 0.281250 0
0  -0.090822 0.014178 0.128264  -0.000000 -1.000000 -0.000000  0.476562 0.281250 0
main
0  0.034704 0.014178 0.024431  -0.000000 -1.000000 -0.000000  0.121094 0.574219 0
0  0.042896 0.014178 0.016239  -0.000000 -1.000000 -0.000000  0.101562 0.597656 0
0  0.042896 0.014178 0.128264  0.000000 -1.000000 0.000000  0.101562 0.281250 0
main
0  -0.082630 0.014178 0.024431  0.000000 -1.000000 -0.000000  0.453125 0.574219 0
0  -0.082630 0.014178 0.120072  -0.000000 -1.000000 -0.000000  0.453125 0.304688 0
0  -0.090822 0.014178 0.128264  -0.000000 -1.000000 -0.000000  0.476562 0.281250 0
screen
0  -0.076633 0.009622 0.113798  -0.295288 -0.912056 0.284532  -0.030382 0.914062 0
0  0.028790 0.009622 0.113798  0.298277 -0.911192 0.284184  1.028212 0.914062 0
0  0.034704 0.014178 0.120072  0.327946 -0.884104 0.332882  1.086806 0.976562 0
main
0  0.107757 0.054439 -0.022789  0.000000 -1.000000 -0.000000  0.355469 0.308594 0
0  0.131159 0.054439 -0.049122  0.000000 -1.000000 -0.000000  0.300781 0.367188 0
0  0.131159 0.054439 -0.022789  0.000000 -1.000000 0.000000  0.300781 0.308594 0
main
0  0.107757 0.054439 -0.022789  0.707107 0.000000 -0.707107  0.132812 0.371094 0
0  0.107757 0.024069 -0.049122  0.827933 0.000000 0.560826  0.203125 0.429688 0
0  0.107757 0.054439 -0.049122  0.707107 -0.000000 0.707107  0.132812 0.429688 0
main
0  0.107757 0.054439 -0.022789  0.707107 0.000000 -0.707107  0.132812 0.371094 0
0  0.131159 0.037060 -0.022789  -0.000000 0.000000 -1.000000  0.171875 0.316406 0
0  0.107757 0.024069 -0.022789  0.827933 0.000001 -0.560827  0.203125 0.371094 0
main
0  0.107757 0.054439 -0.049122  0.707107 -0.000000 0.707107  0.132812 0.429688 0
0  0.131159 0.037060 -0.049122  0.000000 -0.000000 1.000000  0.171875 0.484375 0
0  0.131159 0.054439 -0.049122  0.000000 0.000000 1.000000  0.132812 0.484375 0
main
0  0.107757 0.024069 -0.049122  -0.000000 -1.000000 -0.000000  0.285156 0.554688 0
0  0.100176 0.024069 -0.055193  -0.000000 -1.000000 -0.000000  0.296875 0.566406 0
0  0.107757 0.024069 -0.055193  0.000000 -1.000000 -0.000001  0.285156 0.566406 0
main
0  0.107757 0.024069 -0.016717  0.000000 -0.000000 1.000000  0.226562 0.484375 0
0  0.100176 0.061125 -0.016717  0.000000 -0.000000 1.000000  0.207031 0.570312 0
0  0.100176 0.024069 -0.016717  0.000000 -0.000000 1.000000  0.207031 0.484375 0
main
0  0.100176 0.061125 -0.055193  0.000000 0.000000 -1.000000  0.203125 0.570312 0
0  0.107757 0.024069 -0.055193  0.000000 0.000000 -1.000000  0.183594 0.484375 0
0  0.100176 0.024069 -0.055193  0.000000 0.000000 -1.000000  0.203125 0.484375 0
main
0  0.107757 0.024069 -0.049122  -0.000000 -1.000000 -0.000000  0.285156 0.554688 0
0  0.100176 0.024069 -0.016717  0.000000 -1.000000 -0.000000  0.296875 0.492188 0
0  0.100176 0.024069 -0.055193  -0.000000 -1.000000 -0.000000  0.296875 0.566406 0
main
0  0.107757 0.024069 -0.016717  0.000000 -1.000000 -0.000001  0.285156 0.492188 0
0  0.100176 0.024069 -0.016717  0.000000 -1.000000 -0.000000  0.296875 0.492188 0
0  0.107757 0.024069 -0.022789  0.000000 -1.000000 -0.000000  0.285156 0.503906 0
main
0  0.131159 0.061125 -0.055193  1.000000 -0.000001 0.000000  0.207031 0.445312 0
0  0.131159 0.054439 -0.022789  1.000000 0.000000 0.000000  0.218750 0.382812 0
0  0.131159 0.054439 -0.049122  1.000000 -0.000001 0.000000  0.218750 0.433594 0
main
0  0.107757 0.024069 -0.022789  0.485355 -0.874318 0.000000  0.445312 0.320312 0
0  0.131159 0.037060 -0.016717  0.485354 -0.874318 0.000000  0.386719 0.308594 0
0  0.107757 0.024069 -0.016717  0.485355 -0.874317 0.000000  0.445312 0.308594 0
main
0  0.100176 0.061125 -0.055193  0.000000 0.000000 -1.000000  0.203125 0.570312 0
0  0.131159 0.037060 -0.055193  0.000000 0.000000 -1.000000  0.132812 0.515625 0
0  0.107757 0.024069 -0.055193  0.000000 0.000000 -1.000000  0.183594 0.484375 0
main
0  0.131159 0.037060 -0.016717  1.000000 0.000000 0.000000  0.253906 0.371094 0
0  0.131159 0.054439 -0.022789  1.000000 0.000000 0.000000  0.218750 0.382812 0
0  0.131159 0.061125 -0.016717  1.000000 0.000000 0.000000  0.207031 0.371094 0
main
0  0.100176 0.061125 -0.016717  0.000000 -0.000000 1.000000  0.207031 0.570312 0
0  0.131159 0.037060 -0.016717  0.000000 -0.000000 1.000000  0.277344 0.515625 0
0  0.131159 0.061125 -0.016717  0.000000 -0.000000 1.000000  0.277344 0.570312 0
main
0  0.107757 0.024069 -0.049122  0.485354 -0.874318 -0.000001  0.445312 0.324219 0
0  0.131159 0.037060 -0.055193  0.485355 -0.874317 -0.000000  0.386719 0.335938 0
0  0.131159 0.037060 -0.049122  0.485355 -0.874317 0.000000  0.386719 0.324219 0
main
0  0.131159 0.037060 -0.055193  1.000000 0.000000 0.000000  0.253906 0.445312 0
0  0.131159 0.054439 -0.049122  1.000000 -0.000001 0.000000  0.218750 0.433594 0
0  0.131159 0.037060 -0.049122  1.000000 0.000000 0.000000  0.253906 0.433594 0
main
0  0.119519 0.048120 -0.029671  -0.000031 -0.609999 0.792402  0.214844 0.324219 0
0  0.114077 0.048120 -0.039098  -0.686245 -0.609995 -0.396200  0.238281 0.335938 0
0  0.119519 0.048120 -0.042240  -0.000032 -0.609999 -0.792402  0.230469 0.351562 0
main
0  0.114077 0.048120 -0.039098  -0.686245 -0.609995 -0.396200  0.238281 0.335938 0
0  0.119519 0.054621 -0.042240  -0.500007 0.000000 -0.866021  0.242188 0.355469 0
0  0.119519 0.048120 -0.042240  -0.000032 -0.609999 -0.792402  0.230469 0.351562 0
main
0  0.114077 0.054621 -0.032813  -1.000000 0.000000 0.000000  0.242188 0.316406 0
0  0.114077 0.048120 -0.039098  -0.686245 -0.609995 -0.396200  0.238281 0.335938 0
0  0.114077 0.048120 -0.032813  -0.686244 -0.609995 0.396200  0.230469 0.324219 0
main
0  0.124962 0.048120 -0.039098  0.686233 -0.609989 -0.396230  0.214844 0.351562 0
0  0.119519 0.048120 -0.029671  -0.000031 -0.609999 0.792402  0.214844 0.324219 0
0  0.119519 0.048120 -0.042240  -0.000032 -0.609999 -0.792402  0.230469 0.351562 0
main
0  0.119519 0.048120 -0.042240  -0.000032 -0.609999 -0.792402  0.230469 0.351562 0
0  0.124962 0.054621 -0.039098  0.499938 0.000000 -0.866061  0.214844 0.363281 0
0  0.124962 0.048120 -0.039098  0.686233 -0.609989 -0.396230  0.214844 0.351562 0
main
0  0.119519 0.048120 -0.029671  -0.000031 -0.609999 0.792402  0.214844 0.324219 0
0  0.114077 0.054621 -0.032813  -0.500007 0.000000 0.866021  0.230469 0.308594 0
0  0.114077 0.048120 -0.032813  -0.686244 -0.609995 0.396200  0.230469 0.324219 0
main
0  0.124962 0.048120 -0.039098  0.686233 -0.609989 -0.396230  0.214844 0.351562 0
0  0.124962 0.054621 -0.032813  1.000000 0.000000 0.000000  0.195312 0.343750 0
0  0.124962 0.048120 -0.032813  0.686233 -0.609989 0.396230  0.207031 0.335938 0
main
0  0.119519 0.048120 -0.029671  -0.000031 -0.609999 0.792402  0.214844 0.324219 0
0  0.124962 0.054621 -0.032813  0.499938 0.000000 0.866061  0.195312 0.328125 0
0  0.119519 0.054621 -0.029671  0.499939 0.000000 0.866061  0.203125 0.316406 0
main
0  0.107757 0.054439 -0.022789  0.000000 -1.000000 -0.000000  0.355469 0.308594 0
0  0.107757 0.054439 -0.049122  0.000000 -1.000000 -0.000000  0.355469 0.367188 0
0  0.131159 0.054439 -0.049122  0.000000 -1.000000 -0.000000  0.300781 0.367188 0
main
0  0.107757 0.054439 -0.022789  0.707107 0.000000 -0.707107  0.132812 0.371094 0
0  0.107757 0.024069 -0.022789  0.827933 0.000001 -0.560827  0.203125 0.371094 0
0  0.107757 0.024069 -0.049122  0.827933 0.000000 0.560826  0.203125 0.429688 0
main
0  0.107757 0.054439 -0.022789  0.707107 0.000000 -0.707107  0.132812 0.371094 0
0  0.131159 0.054439 -0.022789  0.000000 0.000000 -1.000000  0.132812 0.316406 0
0  0.131159 0.037060 -0.022789  -0.000000 0.000000 -1.000000  0.171875 0.316406 0
main
0  0.107757 0.054439 -0.049122  0.707107 -0.000000 0.707107  0.132812 0.429688 0
0  0.107757 0.024069 -0.049122  0.827933 0.000000 0.560826  0.203125 0.429688 0
0  0.131159 0.037060 -0.049122  0.000000 -0.000000 1.000000  0.171875 0.484375 0
main
0  0.107757 0.024069 -0.049122  -0.000000 -1.000000 -0.000000  0.285156 0.554688 0
0  0.107757 0.024069 -0.022789  0.000000 -1.000000 -0.000000  0.285156 0.503906 0
0  0.100176 0.024069 -0.016717  0.000000 -1.000000 -0.000000  0.296875 0.492188 0
main
0  0.131159 0.061125 -0.055193  1.000000 -0.000001 0.000000  0.207031 0.445312 0
0  0.131159 0.061125 -0.016717  1.000000 0.000000 0.000000  0.207031 0.371094 0
0  0.131159 0.054439 -0.022789  1.000000 0.000000 0.000000  0.218750 0.382812 0
main
0  0.107757 0.024069 -0.022789  0.485355 -0.874318 0.000000  0.445312 0.320312 0
0  0.131159 0.037060 -0.022789  0.485354 -0.874318 0.000000  0.386719 0.320312 0
0  0.131159 0.037060 -0.016717  0.485354 -0.874318 0.000000  0.386719 0.308594 0
main
0  0.100176 0.061125 -0.055193  0.000000 0.000000 -1.000000  0.203125 0.570312 0
0  0.131159 0.061125 -0.055193  0.000000 0.000000 -1.000000  0.132812 0.570312 0
0  0.131159 0.037060 -0.055193  0.000000 0.000000 -1.000000  0.132812 0.515625 0
main
0  0.131159 0.037060 -0.016717  1.000000 0.000000 0.000000  0.253906 0.371094 0
0  0.131159 0.037060 -0.022789  1.000000 0.000001 0.000000  0.253906 0.382812 0
0  0.131159 0.054439 -0.022789  1.000000 0.000000 0.000000  0.218750 0.382812 0
main
0  0.100176 0.061125 -0.016717  0.000000 -0.000000 1.000000  0.207031 0.570312 0
0  0.107757 0.024069 -0.016717  0.000000 -0.000000 1.000000  0.226562 0.484375 0
0  0.131159 0.037060 -0.016717  0.000000 -0.000000 1.000000  0.277344 0.515625 0
main
0  0.107757 0.024069 -0.049122  0.485354 -0.874318 -0.000001  0.445312 0.324219 0
0  0.107757 0.024069 -0.055193  0.485354 -0.874318 -0.000001  0.445312 0.335938 0
0  0.131159 0.037060 -0.055193  0.485355 -0.874317 -0.000000  0.386719 0.335938 0
main
0  0.131159 0.037060 -0.055193  1.000000 0.000000 0.000000  0.253906 0.445312 0
0  0.131159 0.061125 -0.055193  1.000000 -0.000001 0.000000  0.207031 0.445312 0
0  0.131159 0.054439 -0.049122  1.000000 -0.000001 0.000000  0.218750 0.433594 0
main
0  0.119519 0.048120 -0.029671  -0.000031 -0.609999 0.792402  0.214844 0.324219 0
0  0.114077 0.048120 -0.032813  -0.686244 -0.609995 0.396200  0.230469 0.324219 0
0  0.114077 0.048120 -0.039098  -0.686245 -0.609995 -0.396200  0.238281 0.335938 0
main
0  0.114077 0.048120 -0.039098  -0.686245 -0.609995 -0.396200  0.238281 0.335938 0
0  0.114077 0.054621 -0.039098  -0.500007 0.000000 -0.866022  0.250000 0.343750 0
0  0.119519 0.054621 -0.042240  -0.500007 0.000000 -0.866021  0.242188 0.355469 0
main
0  0.114077 0.054621 -0.032813  -1.000000 0.000000 0.000000  0.242188 0.316406 0
0  0.114077 0.054621 -0.039098  -1.000000 0.000000 0.000000  0.250000 0.328125 0
0  0.114077 0.048120 -0.039098  -0.686245 -0.609995 -0.396200  0.238281 0.335938 0
main
0  0.124962 0.048120 -0.039098  0.686233 -0.609989 -0.396230  0.214844 0.351562 0
0  0.124962 0.048120 -0.032813  0.686233 -0.609989 0.396230  0.207031 0.335938 0
0  0.119519 0.048120 -0.029671  -0.000031 -0.609999 0.792402  0.214844 0.324219 0
main
0  0.119519 0.048120 -0.042240  -0.000032 -0.609999 -0.792402  0.230469 0.351562 0
0  0.119519 0.054621 -0.042240  0.499939 0.000000 -0.866061  0.230469 0.363281 0
0  0.124962 0.054621 -0.039098  0.499938 0.000000 -0.866061  0.214844 0.363281 0
main
0  0.119519 0.048120 -0.029671  -0.000031 -0.609999 0.792402  0.214844 0.324219 0
0  0.119519 0.054621 -0.029671  -0.500007 0.000000 0.866021  0.214844 0.308594 0
0  0.114077 0.054621 -0.032813  -0.500007 0.000000 0.866021  0.230469 0.308594 0
main
0  0.124962 0.048120 -0.039098  0.686233 -0.609989 -0.396230  0.214844 0.351562 0
0  0.124962 0.054621 -0.039098  1.000000 0.000000 0.000000  0.203125 0.355469 0
0  0.124962 0.054621 -0.032813  1.000000 0.000000 0.000000  0.195312 0.343750 0
main
0  0.119519 0.048120 -0.029671  -0.000031 -0.609999 0.792402  0.214844 0.324219 0
0  0.124962 0.048120 -0.032813  0.686233 -0.609989 0.396230  0.207031 0.335938 0
0  0.124962 0.054621 -0.032813  0.499938 0.000000 0.866061  0.195312 0.328125 0
main
0  -0.107444 0.054439 -0.049122  0.000000 -1.000000 0.000000  0.355469 0.308594 0
0  -0.130846 0.054439 -0.022789  0.000000 -1.000000 0.000000  0.300781 0.367188 0
0  -0.130846 0.054439 -0.049122  0.000000 -1.000000 0.000000  0.300781 0.308594 0
main
0  -0.107444 0.054439 -0.049122  -0.707107 -0.000000 0.707107  0.132812 0.371094 0
0  -0.107444 0.024069 -0.022789  -0.827933 -0.000000 -0.560827  0.203125 0.429688 0
0  -0.107444 0.054439 -0.022789  -0.707107 0.000000 -0.707107  0.132812 0.429688 0
main
0  -0.107444 0.054439 -0.049122  -0.707107 -0.000000 0.707107  0.132812 0.371094 0
0  -0.130846 0.037060 -0.049122  0.000000 -0.000000 1.000000  0.171875 0.316406 0
0  -0.107444 0.024069 -0.049122  -0.827933 -0.000001 0.560827  0.203125 0.371094 0
main
0  -0.107444 0.054439 -0.022789  -0.707107 0.000000 -0.707107  0.132812 0.429688 0
0  -0.130846 0.037060 -0.022789  0.000000 -0.000000 -1.000000  0.171875 0.484375 0
0  -0.130846 0.054439 -0.022789  0.000000 -0.000000 -1.000000  0.132812 0.484375 0
main
0  -0.107444 0.024069 -0.022789  -0.000000 -1.000000 0.000000  0.285156 0.554688 0
0  -0.099863 0.024069 -0.016718  -0.000000 -1.000000 0.000000  0.296875 0.566406 0
0  -0.107444 0.024069 -0.016718  0.000000 -1.000000 0.000000  0.285156 0.566406 0
main
0  -0.107444 0.024069 -0.055194  0.000000 0.000000 -1.000000  0.226562 0.484375 0
0  -0.099863 0.061125 -0.055194  0.000000 0.000000 -1.000000  0.207031 0.570312 0
0  -0.099863 0.024069 -0.055194  0.000000 0.000000 -1.000000  0.207031 0.484375 0
main
0  -0.099863 0.061125 -0.016718  -0.000000 0.000000 1.000000  0.203125 0.570312 0
0  -0.107444 0.024069 -0.016718  -0.000000 0.000000 1.000000  0.183594 0.484375 0
0  -0.099863 0.024069 -0.016718  0.000000 0.000000 1.000000  0.203125 0.484375 0
main
0  -0.107444 0.024069 -0.022789  -0.000000 -1.000000 0.000000  0.285156 0.554688 0
0  -0.099863 0.024069 -0.055194  0.000000 -1.000000 0.000000  0.296875 0.492188 0
0  -0.099863 0.024069 -0.016718  -0.000000 -1.000000 0.000000  0.296875 0.566406 0
main
0  -0.107444 0.024069 -0.055194  0.000000 -1.000000 0.000000  0.285156 0.492188 0
0  -0.099863 0.024069 -0.055194  0.000000 -1.000000 0.000000  0.296875 0.492188 0
0  -0.107444 0.024069 -0.049122  0.000000 -1.000000 0.000000  0.285156 0.503906 0
main
0  -0.130846 0.061125 -0.016718  -1.000000 0.000001 0.000000  0.207031 0.445312 0
0  -0.130846 0.054439 -0.049122  -1.000000 -0.000002 0.000000  0.218750 0.382812 0
0  -0.130846 0.054439 -0.022789  -1.000000 0.000002 0.000000  0.218750 0.433594 0
main
0  -0.107444 0.024069 -0.049122  -0.485355 -0.874317 0.000000  0.445312 0.320312 0
0  -0.130846 0.037060 -0.055194  -0.485354 -0.874318 0.000000  0.386719 0.308594 0
0  -0.107444 0.024069 -0.055194  -0.485355 -0.874317 0.000000  0.445312 0.308594 0
main
0  -0.099863 0.061125 -0.016718  -0.000000 0.000000 1.000000  0.203125 0.570312 0
0  -0.130846 0.037060 -0.016718  -0.000000 0.000000 1.000000  0.132812 0.515625 0
0  -0.107444 0.024069 -0.016718  -0.000000 0.000000 1.000000  0.183594 0.484375 0
main
0  -0.130846 0.037060 -0.055194  -1.000000 0.000000 0.000000  0.253906 0.371094 0
0  -0.130846 0.054439 -0.049122  -1.000000 -0.000002 0.000000  0.218750 0.382812 0
0  -0.130846 0.061125 -0.055194  -1.000000 -0.000002 0.000000  0.207031 0.371094 0
main
0  -0.099863 0.061125 -0.055194  0.000000 0.000000 -1.000000  0.207031 0.570312 0
0  -0.130846 0.037060 -0.055194  0.000000 0.000000 -1.000000  0.277344 0.515625 0
0  -0.130846 0.061125 -0.055194  0.000000 0.000000 -1.000000  0.277344 0.570312 0
main
0  -0.107444 0.024069 -0.022789  -0.485354 -0.874318 0.000000  0.445312 0.324219 0
0  -0.130846 0.037060 -0.016718  -0.485354 -0.874318 0.000001  0.386719 0.335938 0
0  -0.130846 0.037060 -0.022789  -0.485354 -0.874318 0.000001  0.386719 0.324219 0
main
0  -0.130846 0.037060 -0.016718  -1.000000 -0.000000 0.000000  0.253906 0.445312 0
0  -0.130846 0.054439 -0.022789  -1.000000 0.000002 0.000000  0.218750 0.433594 0
0  -0.130846 0.037060 -0.022789  -1.000000 -0.000001 0.000000  0.253906 0.433594 0
main
0  -0.119206 0.048120 -0.042240  0.000032 -0.609999 -0.792402  0.214844 0.324219 0
0  -0.113764 0.048120 -0.032813  0.686245 -0.609995 0.396200  0.238281 0.335938 0
0  -0.119206 0.048120 -0.029671  0.000032 -0.609998 0.792403  0.230469 0.351562 0
main
0  -0.113764 0.048120 -0.032813  0.686245 -0.609995 0.396200  0.238281 0.335938 0
0  -0.119206 0.054621 -0.029671  0.500007 0.000001 0.866021  0.242188 0.355469 0
0  -0.119206 0.048120 -0.029671  0.000032 -0.609998 0.792403  0.230469 0.351562 0
main
0  -0.113764 0.054621 -0.039098  1.000000 -0.000001 0.000000  0.242188 0.316406 0
0  -0.113764 0.048120 -0.032813  0.686245 -0.609995 0.396200  0.238281 0.335938 0
0  -0.113764 0.048120 -0.039098  0.686246 -0.609994 -0.396199  0.230469 0.324219 0
main
0  -0.124649 0.048120 -0.032813  -0.686232 -0.609989 0.396230  0.214844 0.351562 0
0  -0.119206 0.048120 -0.042240  0.000032 -0.609999 -0.792402  0.214844 0.324219 0
0  -0.119206 0.048120 -0.029671  0.000032 -0.609998 0.792403  0.230469 0.351562 0
main
0  -0.119206 0.048120 -0.029671  0.000032 -0.609998 0.792403  0.230469 0.351562 0
0  -0.124649 0.054621 -0.032813  -0.499938 0.000001 0.866061  0.214844 0.363281 0
0  -0.124649 0.048120 -0.032813  -0.686232 -0.609989 0.396230  0.214844 0.351562 0
main
0  -0.119206 0.048120 -0.042240  0.000032 -0.609999 -0.792402  0.214844 0.324219 0
0  -0.113764 0.054621 -0.039098  0.500008 0.000000 -0.866021  0.230469 0.308594 0
0  -0.113764 0.048120 -0.039098  0.686246 -0.609994 -0.396199  0.230469 0.324219 0
main
0  -0.124649 0.048120 -0.032813  -0.686232 -0.609989 0.396230  0.214844 0.351562 0
0  -0.124649 0.054621 -0.039098  -1.000000 -0.000000 0.000000  0.195312 0.343750 0
0  -0.124649 0.048120 -0.039098  -0.686233 -0.609989 -0.396229  0.207031 0.335938 0
main
0  -0.119206 0.048120 -0.042240  0.000032 -0.609999 -0.792402  0.214844 0.324219 0
0  -0.124649 0.054621 -0.039098  -0.499937 -0.000001 -0.866061  0.195312 0.328125 0
0  -0.119206 0.054621 -0.042240  -0.499937 0.000000 -0.866062  0.203125 0.316406 0
main
0  -0.107444 0.054439 -0.049122  0.000000 -1.000000 0.000000  0.355469 0.308594 0
0  -0.107444 0.054439 -0.022789  0.000000 -1.000000 0.000000  0.355469 0.367188 0
0  -0.130846 0.054439 -0.022789  0.000000 -1.000000 0.000000  0.300781 0.367188 0
main
0  -0.107444 0.054439 -0.049122  -0.707107 -0.000000 0.707107  0.132812 0.371094 0
0  -0.107444 0.024069 -0.049122  -0.827933 -0.000001 0.560827  0.203125 0.371094 0
0  -0.107444 0.024069 -0.022789  -0.827933 -0.000000 -0.560827  0.203125 0.429688 0
main
0  -0.107444 0.054439 -0.049122  -0.707107 -0.000000 0.707107  0.132812 0.371094 0
0  -0.130846 0.054439 -0.049122  0.000000 0.000000 1.000000  0.132812 0.316406 0
0  -0.130846 0.037060 -0.049122  0.000000 -0.000000 1.000000  0.171875 0.316406 0
main
0  -0.107444 0.054439 -0.022789  -0.707107 0.000000 -0.707107  0.132812 0.429688 0
0  -0.107444 0.024069 -0.022789  -0.827933 -0.000000 -0.560827  0.203125 0.429688 0
0  -0.130846 0.037060 -0.022789  0.000000 -0.000000 -1.000000  0.171875 0.484375 0
main
0  -0.107444 0.024069 -0.022789  -0.000000 -1.000000 0.000000  0.285156 0.554688 0
0  -0.107444 0.024069 -0.049122  0.000000 -1.000000 0.000000  0.285156 0.503906 0
0  -0.099863 0.024069 -0.055194  0.000000 -1.000000 0.000000  0.296875 0.492188 0
main
0  -0.130846 0.061125 -0.016718  -1.000000 0.000001 0.000000  0.207031 0.445312 0
0  -0.130846 0.061125 -0.055194  -1.000000 -0.000002 0.000000  0.207031 0.371094 0
0  -0.130846 0.054439 -0.049122  -1.000000 -0.000002 0.000000  0.218750 0.382812 0
main
0  -0.107444 0.024069 -0.049122  -0.485355 -0.874317 0.000000  0.445312 0.320312 0
0  -0.130846 0.037060 -0.049122  -0.485354 -0.874318 0.000000  0.386719 0.320312 0
0  -0.130846 0.037060 -0.055194  -0.485354 -0.874318 0.000000  0.386719 0.308594 0
main
0  -0.099863 0.061125 -0.016718  -0.000000 0.000000 1.000000  0.203125 0.570312 0
0  -0.130846 0.061125 -0.016718  0.000000 0.000000 1.000000  0.132812 0.570312 0
0  -0.130846 0.037060 -0.016718  -0.000000 0.000000 1.000000  0.132812 0.515625 0
main
0  -0.130846 0.037060 -0.055194  -1.000000 0.000000 0.000000  0.253906 0.371094 0
0  -0.130846 0.037060 -0.049122  -1.000000 0.000000 0.000000  0.253906 0.382812 0
0  -0.130846 0.054439 -0.049122  -1.000000 -0.000002 0.000000  0.218750 0.382812 0
main
0  -0.099863 0.061125 -0.055194  0.000000 0.000000 -1.000000  0.207031 0.570312 0
0  -0.107444 0.024069 -0.055194  0.000000 0.000000 -1.000000  0.226562 0.484375 0
0  -0.130846 0.037060 -0.055194  0.000000 0.000000 -1.000000  0.277344 0.515625 0
main
0  -0.107444 0.024069 -0.022789  -0.485354 -0.874318 0.000000  0.445312 0.324219 0
0  -0.107444 0.024069 -0.016718  -0.485354 -0.874318 0.000000  0.445312 0.335938 0
0  -0.130846 0.037060 -0.016718  -0.485354 -0.874318 0.000001  0.386719 0.335938 0
main
0  -0.130846 0.037060 -0.016718  -1.000000 -0.000000 0.000000  0.253906 0.445312 0
0  -0.130846 0.061125 -0.016718  -1.000000 0.000001 0.000000  0.207031 0.445312 0
0  -0.130846 0.054439 -0.022789  -1.000000 0.000002 0.000000  0.218750 0.433594 0
main
0  -0.119206 0.048120 -0.042240  0.000032 -0.609999 -0.792402  0.214844 0.324219 0
0  -0.113764 0.048120 -0.039098  0.686246 -0.609994 -0.396199  0.230469 0.324219 0
0  -0.113764 0.048120 -0.032813  0.686245 -0.609995 0.396200  0.238281 0.335938 0
main
0  -0.113764 0.048120 -0.032813  0.686245 -0.609995 0.396200  0.238281 0.335938 0
0  -0.113764 0.054621 -0.032813  0.500008 0.000001 0.866021  0.250000 0.343750 0
0  -0.119206 0.054621 -0.029671  0.500007 0.000001 0.866021  0.242188 0.355469 0
main
0  -0.113764 0.054621 -0.039098  1.000000 -0.000001 0.000000  0.242188 0.316406 0
0  -0.113764 0.054621 -0.032813  1.000000 -0.000001 0.000000  0.250000 0.328125 0
0  -0.113764 0.048120 -0.032813  0.686245 -0.609995 0.396200  0.238281 0.335938 0
main
0  -0.124649 0.048120 -0.032813  -0.686232 -0.609989 0.396230  0.214844 0.351562 0
0  -0.124649 0.048120 -0.039098  -0.686233 -0.609989 -0.396229  0.207031 0.335938 0
0  -0.119206 0.048120 -0.042240  0.000032 -0.609999 -0.792402  0.214844 0.324219 0
main
0  -0.119206 0.048120 -0.029671  0.000032 -0.609998 0.792403  0.230469 0.351562 0
0  -0.119206 0.054621 -0.029671  -0.499938 0.000001 0.866061  0.230469 0.363281 0
0  -0.124649 0.054621 -0.032813  -0.499938 0.000001 0.866061  0.214844 0.363281 0
main
0  -0.119206 0.048120 -0.042240  0.000032 -0.609999 -0.792402  0.214844 0.324219 0
0  -0.119206 0.054621 -0.042240  0.500007 0.000000 -0.866021  0.214844 0.308594 0
0  -0.113764 0.054621 -0.039098  0.500008 0.000000 -0.866021  0.230469 0.308594 0
main
0  -0.124649 0.048120 -0.032813  -0.686232 -0.609989 0.396230  0.214844 0.351562 0
0  -0.124649 0.054621 -0.032813  -1.000000 0.000000 0.000000  0.203125 0.355469 0
0  -0.124649 0.054621 -0.039098  -1.000000 -0.000000 0.000000  0.195312 0.343750 0
main
0  -0.119206 0.048120 -0.042240  0.000032 -0.609999 -0.792402  0.214844 0.324219 0
0  -0.124649 0.048120 -0.039098  -0.686233 -0.609989 -0.396229  0.207031 0.335938 0
0  -0.124649 0.054621 -0.039098  -0.499937 -0.000001 -0.866061  0.195312 0.328125 0
main
0  -0.107444 0.054439 0.064529  0.000000 -1.000000 0.000000  0.355469 0.308594 0
0  -0.130846 0.054439 0.090862  0.000000 -1.000000 0.000000  0.300781 0.367188 0
0  -0.130846 0.054439 0.064529  0.000000 -1.000000 0.000000  0.300781 0.308594 0
main
0  -0.107444 0.054439 0.064529  -0.707107 0.000000 0.707107  0.132812 0.371094 0
0  -0.107444 0.024069 0.090862  -0.827933 0.000000 -0.560826  0.203125 0.429688 0
0  -0.107444 0.054439 0.090862  -0.707107 0.000000 -0.707107  0.132812 0.429688 0
main
0  -0.107444 0.054439 0.064529  -0.707107 0.000000 0.707107  0.132812 0.371094 0
0  -0.130846 0.037060 0.064529  -0.000000 0.000000 1.000000  0.171875 0.316406 0
0  -0.107444 0.024069 0.064529  -0.827933 0.000000 0.560826  0.203125 0.371094 0
main
0  -0.107444 0.054439 0.090862  -0.707107 0.000000 -0.707107  0.132812 0.429688 0
0  -0.130846 0.037060 0.090862  0.000000 0.000000 -1.000000  0.171875 0.484375 0
0  -0.130846 0.054439 0.090862  0.000000 0.000000 -1.000000  0.132812 0.484375 0
main
0  -0.107444 0.024069 0.090862  0.000000 -1.000000 0.000000  0.285156 0.554688 0
0  -0.099863 0.024069 0.096933  0.000000 -1.000000 0.000000  0.296875 0.566406 0
0  -0.107444 0.024069 0.096933  0.000000 -1.000000 0.000001  0.285156 0.566406 0
main
0  -0.107444 0.024069 0.058457  -0.000000 -0.000000 -1.000000  0.226562 0.484375 0
0  -0.099863 0.061125 0.058457  -0.000000 -0.000000 -1.000000  0.207031 0.570312 0
0  -0.099863 0.024069 0.058457  0.000000 -0.000000 -1.000000  0.207031 0.484375 0
main
0  -0.099863 0.061125 0.096933  -0.000000 0.000000 1.000000  0.203125 0.570312 0
0  -0.107444 0.024069 0.096933  -0.000000 0.000000 1.000000  0.183594 0.484375 0
0  -0.099863 0.024069 0.096933  0.000000 0.000000 1.000000  0.203125 0.484375 0
main
0  -0.107444 0.024069 0.090862  0.000000 -1.000000 0.000000  0.285156 0.554688 0
0  -0.099863 0.024069 0.058457  0.000000 -1.000000 0.000000  0.296875 0.492188 0
0  -0.099863 0.024069 0.096933  0.000000 -1.000000 0.000000  0.296875 0.566406 0
main
0  -0.107444 0.024069 0.058457  0.000000 -1.000000 0.000000  0.285156 0.492188 0
0  -0.099863 0.024069 0.058457  0.000000 -1.000000 0.000000  0.296875 0.492188 0
0  -0.107444 0.024069 0.064529  0.000000 -1.000000 0.000000  0.285156 0.503906 0
main
0  -0.130846 0.061125 0.096933  -1.000000 0.000001 0.000000  0.207031 0.445312 0
0  -0.130846 0.054439 0.064529  -1.000000 -0.000000 0.000000  0.218750 0.382812 0
0  -0.130846 0.054439 0.090862  -1.000000 0.000001 0.000000  0.218750 0.433594 0
main
0  -0.107444 0.024069 0.064529  -0.485354 -0.874318 0.000000  0.445312 0.320312 0
0  -0.130846 0.037060 0.058457  -0.485355 -0.874317 0.000000  0.386719 0.308594 0
0  -0.107444 0.024069 0.058457  -0.485354 -0.874318 0.000000  0.445312 0.308594 0
main
0  -0.099863 0.061125 0.096933  -0.000000 0.000000 1.000000  0.203125 0.570312 0
0  -0.130846 0.037060 0.096933  -0.000000 0.000000 1.000000  0.132812 0.515625 0
0  -0.107444 0.024069 0.096933  -0.000000 0.000000 1.000000  0.183594 0.484375 0
main
0  -0.130846 0.037060 0.058457  -1.000000 0.000000 0.000000  0.253906 0.371094 0
0  -0.130846 0.054439 0.064529  -1.000000 -0.000000 0.000000  0.218750 0.382812 0
0  -0.130846 0.061125 0.058457  -1.000000 -0.000000 0.000000  0.207031 0.371094 0
main
0  -0.099863 0.061125 0.058457  -0.000000 -0.000000 -1.000000  0.207031 0.570312 0
0  -0.130846 0.037060 0.058457  -0.000000 -0.000000 -1.000000  0.277344 0.515625 0
0  -0.130846 0.061125 0.058457  0.000000 -0.000000 -1.000000  0.277344 0.570312 0
main
0  -0.107444 0.024069 0.090862  -0.485355 -0.874317 0.000000  0.445312 0.324219 0
0  -0.130846 0.037060 0.096933  -0.485355 -0.874317 0.000001  0.386719 0.335938 0
0  -0.130846 0.037060 0.090862  -0.485355 -0.874317 0.000001  0.386719 0.324219 0
main
0  -0.130846 0.037060 0.096933  -1.000000 0.000000 0.000000  0.253906 0.445312 0
0  -0.130846 0.054439 0.090862  -1.000000 0.000001 0.000000  0.218750 0.433594 0
0  -0.130846 0.037060 0.090862  -1.000000 0.000000 0.000000  0.253906 0.433594 0
main
0  -0.119206 0.048120 0.071411  0.000032 -0.609999 -0.792402  0.214844 0.324219 0
0  -0.113764 0.048120 0.080838  0.686245 -0.609995 0.396200  0.238281 0.335938 0
0  -0.119206 0.048120 0.083980  0.000032 -0.609999 0.792402  0.230469 0.351562 0
main
0  -0.113764 0.048120 0.080838  0.686245 -0.609995 0.396200  0.238281 0.335938 0
0  -0.119206 0.054621 0.083980  0.500008 0.000001 0.866021  0.242188 0.355469 0
0  -0.119206 0.048120 0.083980  0.000032 -0.609999 0.792402  0.230469 0.351562 0
main
0  -0.113764 0.054621 0.074553  1.000000 -0.000001 0.000000  0.242188 0.316406 0
0  -0.113764 0.048120 0.080838  0.686245 -0.609995 0.396200  0.238281 0.335938 0
0  -0.113764 0.048120 0.074553  0.686245 -0.609995 -0.396200  0.230469 0.324219 0
main
0  -0.124649 0.048120 0.080838  -0.686232 -0.609989 0.396230  0.214844 0.351562 0
0  -0.119206 0.048120 0.071411  0.000032 -0.609999 -0.792402  0.214844 0.324219 0
0  -0.119206 0.048120 0.083980  0.000032 -0.609999 0.792402  0.230469 0.351562 0
main
0  -0.119206 0.048120 0.083980  0.000032 -0.609999 0.792402  0.230469 0.351562 0
0  -0.124649 0.054621 0.080838  -0.499938 -0.000000 0.866061  0.214844 0.363281 0
0  -0.124649 0.048120 0.080838  -0.686232 -0.609989 0.396230  0.214844 0.351562 0
main
0  -0.119206 0.048120 0.071411  0.000032 -0.609999 -0.792402  0.214844 0.324219 0
0  -0.113764 0.054621 0.074553  0.500007 -0.000001 -0.866021  0.230469 0.308594 0
0  -0.113764 0.048120 0.074553  0.686245 -0.609995 -0.396200  0.230469 0.324219 0
main
0  -0.124649 0.048120 0.080838  -0.686232 -0.609989 0.396230  0.214844 0.351562 0
0  -0.124649 0.054621 0.074553  -1.000000 -0.000000 0.000000  0.195312 0.343750 0
0  -0.124649 0.048120 0.074553  -0.686233 -0.609989 -0.396229  0.207031 0.335938 0
main
0  -0.119206 0.048120 0.071411  0.000032 -0.609999 -0.792402  0.214844 0.324219 0
0  -0.124649 0.054621 0.074553  -0.499937 -0.000001 -0.866062  0.195312 0.328125 0
0  -0.119206 0.054621 0.071411  -0.499938 0.000000 -0.866061  0.203125 0.316406 0
main
0  -0.107444 0.054439 0.064529  0.000000 -1.000000 0.000000  0.355469 0.308594 0
0  -0.107444 0.054439 0.090862  0.000000 -1.000000 0.000000  0.355469 0.367188 0
0  -0.130846 0.054439 0.090862  0.000000 -1.000000 0.000000  0.300781 0.367188 0
main
0  -0.107444 0.054439 0.064529  -0.707107 0.000000 0.707107  0.132812 0.371094 0
0  -0.107444 0.024069 0.064529  -0.827933 0.000000 0.560826  0.203125 0.371094 0
0  -0.107444 0.024069 0.090862  -0.827933 0.000000 -0.560826  0.203125 0.429688 0
main
0  -0.107444 0.054439 0.064529  -0.707107 0.000000 0.707107  0.132812 0.371094 0
0  -0.130846 0.054439 0.064529  0.000000 0.000000 1.000000  0.132812 0.316406 0
0  -0.130846 0.037060 0.064529  -0.000000 0.000000 1.000000  0.171875 0.316406 0
main
0  -0.107444 0.054439 0.090862  -0.707107 0.000000 -0.707107  0.132812 0.429688 0
0  -0.107444 0.024069 0.090862  -0.827933 0.000000 -0.560826  0.203125 0.429688 0
0  -0.130846 0.037060 0.090862  0.000000 0.000000 -1.000000  0.171875 0.484375 0
main
0  -0.107444 0.024069 0.090862  0.000000 -1.000000 0.000000  0.285156 0.554688 0
0  -0.107444 0.024069 0.064529  0.000000 -1.000000 0.000000  0.285156 0.503906 0
0  -0.099863 0.024069 0.058457  0.000000 -1.000000 0.000000  0.296875 0.492188 0
main
0  -0.130846 0.061125 0.096933  -1.000000 0.000001 0.000000  0.207031 0.445312 0
0  -0.130846 0.061125 0.058457  -1.000000 -0.000000 0.000000  0.207031 0.371094 0
0  -0.130846 0.054439 0.064529  -1.000000 -0.000000 0.000000  0.218750 0.382812 0
main
0  -0.107444 0.024069 0.064529  -0.485354 -0.874318 0.000000  0.445312 0.320312 0
0  -0.130846 0.037060 0.064529  -0.485355 -0.874317 0.000000  0.386719 0.320312 0
0  -0.130846 0.037060 0.058457  -0.485355 -0.874317 0.000000  0.386719 0.308594 0
main
0  -0.099863 0.061125 0.096933  -0.000000 0.000000 1.000000  0.203125 0.570312 0
0  -0.130846 0.061125 0.096933  0.000000 0.000000 1.000000  0.132812 0.570312 0
0  -0.130846 0.037060 0.096933  -0.000000 0.000000 1.000000  0.132812 0.515625 0
main
0  -0.130846 0.037060 0.058457  -1.000000 0.000000 0.000000  0.253906 0.371094 0
0  -0.130846 0.037060 0.064529  -1.000000 0.000000 0.000000  0.253906 0.382812 0
0  -0.130846 0.054439 0.064529  -1.000000 -0.000000 0.000000  0.218750 0.382812 0
main
0  -0.099863 0.061125 0.058457  -0.000000 -0.000000 -1.000000  0.207031 0.570312 0
0  -0.107444 0.024069 0.058457  -0.000000 -0.000000 -1.000000  0.226562 0.484375 0
0  -0.130846 0.037060 0.058457  -0.000000 -0.000000 -1.000000  0.277344 0.515625 0
main
0  -0.107444 0.024069 0.090862  -0.485355 -0.874317 0.000000  0.445312 0.324219 0
0  -0.107444 0.024069 0.096933  -0.485355 -0.874317 0.000000  0.445312 0.335938 0
0  -0.130846 0.037060 0.096933  -0.485355 -0.874317 0.000001  0.386719 0.335938 0
main
0  -0.130846 0.037060 0.096933  -1.000000 0.000000 0.000000  0.253906 0.445312 0
0  -0.130846 0.061125 0.096933  -1.000000 0.000001 0.000000  0.207031 0.445312 0
0  -0.130846 0.054439 0.090862  -1.000000 0.000001 0.000000  0.218750 0.433594 0
main
0  -0.119206 0.048120 0.071411  0.000032 -0.609999 -0.792402  0.214844 0.324219 0
0  -0.113764 0.048120 0.074553  0.686245 -0.609995 -0.396200  0.230469 0.324219 0
0  -0.113764 0.048120 0.080838  0.686245 -0.609995 0.396200  0.238281 0.335938 0
main
0  -0.113764 0.048120 0.080838  0.686245 -0.609995 0.396200  0.238281 0.335938 0
0  -0.113764 0.054621 0.080838  0.500009 0.000001 0.866020  0.250000 0.343750 0
0  -0.119206 0.054621 0.083980  0.500008 0.000001 0.866021  0.242188 0.355469 0
main
0  -0.113764 0.054621 0.074553  1.000000 -0.000001 0.000000  0.242188 0.316406 0
0  -0.113764 0.054621 0.080838  1.000000 -0.000001 0.000000  0.250000 0.328125 0
0  -0.113764 0.048120 0.080838  0.686245 -0.609995 0.396200  0.238281 0.335938 0
main
0  -0.124649 0.048120 0.080838  -0.686232 -0.609989 0.396230  0.214844 0.351562 0
0  -0.124649 0.048120 0.074553  -0.686233 -0.609989 -0.396229  0.207031 0.335938 0
0  -0.119206 0.048120 0.071411  0.000032 -0.609999 -0.792402  0.214844 0.324219 0
main
0  -0.119206 0.048120 0.083980  0.000032 -0.609999 0.792402  0.230469 0.351562 0
0  -0.119206 0.054621 0.083980  -0.499939 0.000000 0.866061  0.230469 0.363281 0
0  -0.124649 0.054621 0.080838  -0.499938 -0.000000 0.866061  0.214844 0.363281 0
main
0  -0.119206 0.048120 0.071411  0.000032 -0.609999 -0.792402  0.214844 0.324219 0
0  -0.119206 0.054621 0.071411  0.500008 -0.000003 -0.866021  0.214844 0.308594 0
0  -0.113764 0.054621 0.074553  0.500007 -0.000001 -0.866021  0.230469 0.308594 0
main
0  -0.124649 0.048120 0.080838  -0.686232 -0.609989 0.396230  0.214844 0.351562 0
0  -0.124649 0.054621 0.080838  -1.000000 0.000000 0.000000  0.203125 0.355469 0
0  -0.124649 0.054621 0.074553  -1.000000 -0.000000 0.000000  0.195312 0.343750 0
main
0  -0.119206 0.048120 0.071411  0.000032 -0.609999 -0.792402  0.214844 0.324219 0
0  -0.124649 0.048120 0.074553  -0.686233 -0.609989 -0.396229  0.207031 0.335938 0
0  -0.124649 0.054621 0.074553  -0.499937 -0.000001 -0.866062  0.195312 0.328125 0
end
